Workbook

Sheet Raw_Data
A1: Case_ID | B1: Date_Received | C1: Channel | D1: Location | E1: Sector | F1: Feedback_Type | G1: Sensitivity | H1: Gender | I1: Age_Group | J1: Status | K1: Date_Closed | L1: Feedback_Note
A2: CFM-2026-0367 | B2: 46193 | C2: In-Person at Distribution | D2: Nuseirat | E2: Food Security | F2: Request for Information | G2: Non-Sensitive | H2: Female | I2: 60+ | J2: Closed | K2: 46203
A3: CFM-2026-0154 | B3: 46150 | C3: Phone Hotline | D3: Khan Yunis | E3: Food Security | F3: Complaint | G3: Non-Sensitive | H3: Female | I3: 45-59 | J3: Closed | K3: 46153 | L3: Food parcel contents did not match the announced list.
A4: CFM-2026-0388 | B4: 46144 | C4: Suggestion Box | D4: Khan Yunis | E4: Shelter | F4: Suggestion | G4: Non-Sensitive | H4: Female | I4: 45-59 | J4: CLOSED | K4: 46151 | L4: Tarpaulin received is torn and does not cover the shelter area.
A5: CFM-2026-0498 | B5: 22/02/2026 | C5: Community Focal Point | D5: gaza city | E5: Health | F5: Sensitive Complaint | G5: Sensitive | H5: Female | I5: 30-44 | J5: Closed | K5: 46078 | L5: Sensitive case - details recorded separately by the focal point; not stored in this tracker.
A6: CFM-2026-0041 | B6: 46137 | C6: in-person at distribution | D6: deir al-balah | E6: Shelter | F6: Suggestion | G6: Non-Sensitive | H6: Female | I6: 45-59 | J6: Closed | K6: 46140 | L6: Requesting information about the criteria for shelter repair kits.
A7: CFM-2026-0198 | B7: 46223 | C7: in-person at distribution | D7: nuseirat | E7: Shelter | F7: Appreciation | G7: Non-Sensitive | H7: Male | I7: 30-44 | J7: Closed | K7: 46248 | L7: Requesting information about the criteria for shelter repair kits.
A8: CFM-2026-0459 | B8: 46082 | C8: Phone Hotline | D8: Deir al-Balah | E8: WASH | F8: Complaint | G8: Non-Sensitive | H8: Female | I8: 18-29 | J8: Closed | K8: 46087 | L8: Requesting additional jerrycans for a shared shelter of four families.
A9: CFM-2026-0488 | B9: 46196 | C9: Community Focal Point | D9: Gaza City | E9: Health | F9: Complaint | G9: Non-Sensitive | H9: F | I9: 45-59 | J9: Open | L9: Requesting a referral pathway for a family member with limited mobility.
A10: CFM-2026-0414 | B10: 46215 | C10: Help Desk | D10: Gaza City | E10: Food Security | F10: Complaint | G10: Non-Sensitive | H10: Male | I10: 45-59 | J10: Closed | K10: 46227 | L10: Asking how the beneficiary list for the next round is prepared.
A11: CFM-2026-0075 | B11: 46137 | C11: Suggestion Box | D11: Deir Al Balah | E11: Nutrition | F11: Request for Information | G11: Non-Sensitive | H11: F | I11: 30-44 | J11: Closed | K11: 46140 | L11: Requesting a screening session closer to the northern shelter.
A12: CFM-2026-0340 | B12: 46143 | C12: Focal Point | D12: Jabalia | E12: Health | F12: Complaint | G12: Non-Sensitive | H12: Female | I12: 18-29 | J12: closed | K12: 46160 | L12: Waiting time at the mobile clinic is long during afternoon hours.
A13: CFM-2026-0407 | B13: 46200 | C13: Suggestion Box | D13: nuseirat | E13: Nutrition | F13: Complaint | G13: Non-Sensitive | H13: Male | J13: Closed | K13: 21/07/2026 | L13: Requesting a screening session closer to the northern shelter.
A14: CFM-2026-0403 | B14: 46047 | C14: Help Desk | D14: Deir al-Balah | E14: Food Security | F14: Complaint | G14: Non-Sensitive | H14: Female | I14: 60+ | J14: Open | L14: Food parcel contents did not match the announced list.
A15: CFM-2026-0362 | B15: 46172 | C15: Suggestion Box | D15: Nuseirat | E15: Food Security | F15: Complaint | G15: Non-Sensitive | H15: Male | I15: 45-59 | J15: Closed | K15: 46198 | L15: Thanking the team for organising the last distribution well.
A16: CFM-2026-0168 | B16: 46160 | C16: Phone Hotline | D16: Jabalia | E16: Nutrition | F16: Sensitive Complaint | G16: Sensitive | H16: M | I16: Under 18 | J16: Open | L16: Sensitive case - details recorded separately by the focal point; not stored in this tracker.
A17: CFM-2026-0116 | B17: 46088 | C17: Help Desk | D17: Gaza City | E17: Shelter | F17: Appreciation | G17: Non-Sensitive | H17: Male | I17: 30-44 | J17: In Progress | L17: Tarpaulin received is torn and does not cover the shelter area.
A18: CFM-2026-0018 | B18: 46226 | C18: Community Focal Point | D18: khan yunis | E18: Nutrition | F18: Complaint | G18: Non-Sensitive | H18: Female | I18: 18-29 | J18: Closed | K18: 46243 | L18: Asking whether children above five are included in the screening.
A19: CFM-2026-0456 | B19: 46116 | C19: Community Focal Point | D19: Gaza City | E19: WASH | F19: Request for Information | G19: Non-Sensitive | H19: M | I19: 18-29 | J19: Closed | K19: 46132 | L19: Latrine at the site block needs cleaning and lighting at night.
A20: CFM-2026-0441 | B20: 46087 | C20: Help Desk | D20: Gaza City | E20: Food Security | F20: Complaint | G20: Non-Sensitive | H20: Male | I20: 30-44 | J20: In Progress | L20: Asking how the beneficiary list for the next round is prepared.
A21: CFM-2026-0010 | B21: 25/04/2026 | C21: In-Person at Distribution | D21: Khan Younis | E21: Food Security | F21: Complaint | G21: Non-Sensitive | H21: Female | I21: Under 18 | J21: CLOSED | K21: 46138 | L21: Food parcel contents did not match the announced list.
A22: CFM-2026-0058 | B22: 46093 | C22: Phone Hotline | D22: Deir Al Balah | E22: WASH | F22: Appreciation | G22: Non-Sensitive | H22: Male | I22: 18-29 | J22: Closed | K22: 46101 | L22: Water truck did not arrive at the agreed time for three consecutive days.
A23: CFM-2026-0447 | B23: 46054 | C23: Suggestion Box | D23: Gaza City | E23: WASH | F23: Complaint | G23: Non-Sensitive | H23: Female | I23: 45-59 | J23: Closed | K23: 46065 | L23: The queue at the water point is not organised and older people cannot wait.
A24: CFM-2026-0091 | B24: 46118 | C24: Suggestion Box | D24: Deir al-Balah | E24: Food Security | F24: Complaint | G24: Non-Sensitive | H24: Female | I24: 30-44 | J24: Closed | K24: 46124 | L24: Thanking the team for organising the last distribution well.
A25: CFM-2026-0123 | B25: 46056 | C25: Phone Hotline | D25: Rafah | E25: Shelter | F25: Appreciation | G25: Non-Sensitive | H25: Male | I25: 30-44 | J25: In Progress | L25: Tarpaulin received is torn and does not cover the shelter area.
A26: CFM-2026-0322 | B26: 46195 | C26: In-Person at Distribution | D26: Jabalia | E26: WASH | F26: Complaint | G26: Non-Sensitive | H26: Female | I26: 30-44 | J26: Closed | K26: 46199 | L26: Requesting additional jerrycans for a shared shelter of four families.
A27: CFM-2026-0206 | B27: 46061 | C27: Suggestion box | D27: Deir al-Balah | E27: Shelter | F27: Request for Information | G27: Non-Sensitive | H27: Male | I27: 60+ | J27: Closed | K27: 46074 | L27: Shelter kit delivered on time and the team explained the use clearly.
A28: CFM-2026-0359 | B28: 46103 | C28: Suggestion Box | D28: Gaza City | E28: WASH | F28: Appreciation | G28: Non-Sensitive | H28: Female | I28: 18-29 | J28: in progress | L28: Requesting additional jerrycans for a shared shelter of four families.
A29: CFM-2026-0377 | B29: 46189 | C29: Help Desk | D29: Gaza City | E29: Nutrition | F29: Appreciation | G29: Non-Sensitive | H29: Female | I29: 30-44 | J29: Referred | L29: Asking whether children above five are included in the screening.
A30: CFM-2026-0401 | B30: 46099 | C30: In-Person at Distribution | D30: Jabalia | E30: WASH | F30: Suggestion | G30: Non-Sensitive | H30: female | I30: 45-59 | J30: In-Progress | L30: Latrine at the site block needs cleaning and lighting at night.
A31: CFM-2026-0005 | B31: 46153 | C31: Phone Hotline | D31: Nuseirat | E31: Food Security | F31: Complaint | G31: Non-Sensitive | H31: Female | I31: Under 18 | J31: CLOSED | K31: 46154 | L31: Distribution point is far and transport cost is high for our family.
A32: CFM-2026-0406 | B32: 46068 | C32: Help Desk | D32: jabalia | E32: Shelter | F32: Appreciation | G32: Non-Sensitive | H32: Female | I32: Under 18 | J32: Closed | K32: 46069 | L32: Tarpaulin received is torn and does not cover the shelter area.
A33: CFM-2026-0419 | B33: 46227 | C33: Phone Hotline | D33: Rafah | E33: Shelter | F33: Complaint | G33: Non-Sensitive | H33: Male | I33: 45-59 | J33: Closed | K33: 46243
A34: CFM-2026-0302 | B34: 46143 | C34: In-Person at Distribution | D34: Deir Al Balah | E34: Food Security | F34: Appreciation | G34: Non-Sensitive | H34: Female | I34: 45-59 | J34: Open | K34: 46163 | L34: Distribution point is far and transport cost is high for our family.
A35: CFM-2026-0265 | B35: 46045 | C35: in-person at distribution | D35: Gaza City | E35: Health | F35: Complaint | G35: Non-Sensitive | H35: Male | I35: Under 18 | J35: CLOSED | K35: 46073 | L35: Waiting time at the mobile clinic is long during afternoon hours.
A36: CFM-2026-0249 | B36: 46061 | C36: help desk | D36: Rafah | F36: Complaint | G36: Non-Sensitive | H36: Female | I36: 30-44 | J36: Closed | K36: 46067 | L36: Requesting a referral pathway for a family member with limited mobility.
A37: CFM-2026-0390 | B37: 46057 | C37: In Person at Distribution | D37: Deir al-Balah | E37: WASH | F37: Sensitive Complaint | G37: Sensitive | H37: Male | I37: 30-44 | J37: In Progress | L37: Sensitive case - details recorded separately by the focal point; not stored in this tracker.
A38: CFM-2026-0101 | B38: 46162 | C38: In-Person at Distribution | D38: deir al-balah | E38: Shelter | F38: Request for Information | G38: Non-Sensitive | H38: prefer not to say | I38: 30-44 | J38: closed | K38: 46190 | L38: Requesting information about the criteria for shelter repair kits.
A39: CFM-2026-0290 | B39: 46069 | C39: community focal point | D39: nuseirat | E39: Health | F39: Complaint | G39: Non-Sensitive | H39: Female | I39: 45-59 | J39: Closed | K39: 46077 | L39: Waiting time at the mobile clinic is long during afternoon hours.
A40: CFM-2026-0173 | B40: 46053 | C40: Phone Hotline | D40: Gaza City | E40: Health | F40: Sensitive Complaint | G40: Sensitive | H40: Female | I40: 18-29 | J40: open | L40: Sensitive case - details recorded separately by the focal point; not stored in this tracker.
A41: CFM-2026-0078 | B41: 46153 | C41: suggestion box | D41: Khan Yunis | E41: Nutrition | F41: Complaint | G41: Non-Sensitive | H41: Male | I41: 18-29 | J41: Referred | L41: Requesting a screening session closer to the northern shelter.
A42: CFM-2026-0345 | B42: 46068 | C42: community focal point | D42: Nuseirat | E42: Food Security | F42: Appreciation | G42: Non-Sensitive | H42: Male | I42: 30-44 | J42: Open | L42: Asking how the beneficiary list for the next round is prepared.
A43: CFM-2026-0435 | B43: 46117 | C43: Community Focal Point | D43: Rafah | E43: Nutrition | F43: Appreciation | G43: Non-Sensitive | H43: Female | I43: 18-29 | J43: Closed | K43: 46142 | L43: Requesting a screening session closer to the northern shelter.
A44: CFM-2026-0252 | B44: 46034 | C44: Suggestion Box | D44: gaza city | E44: Nutrition | F44: Appreciation | G44: Non-Sensitive | H44: Male | I44: 60+ | J44: Closed | K44: 46054 | L44: Supplement was received but the guidance sheet was in English only.
A45: CFM-2026-0260 | B45: 46113 | C45: Hotline | D45: jabalia | E45: WASH | F45: Complaint | G45: Non-Sensitive | H45: Female | I45: 60+ | J45: In Progress | L45: Latrine at the site block needs cleaning and lighting at night.
A46: CFM-2026-0068 | B46: 05/05/2026 | C46: Hotline | D46: Rafah | E46: Health | F46: Request for Information | H46: Female | I46: 60+ | J46: Closed | K46: 46159 | L46: Waiting time at the mobile clinic is long during afternoon hours.
A47: CFM-2026-0454 | B47: 46074 | C47: Community Focal Point | D47: Rafah | E47: Nutrition | F47: Complaint | H47: Female | I47: 18-29 | J47: CLOSED | K47: 46080 | L47: Asking whether children above five are included in the screening.
A48: CFM-2026-0316 | B48: 46212 | C48: help desk | D48: Gaza City | E48: Health | F48: Request for Information | G48: Non-Sensitive | H48: Male | I48: 30-44 | J48: In Progress | L48: Waiting time at the mobile clinic is long during afternoon hours.
A49: CFM-2026-0055 | B49: 46085 | C49: Phone Hotline | D49: gaza city | E49: Health | F49: Request for Information | G49: Non-Sensitive | H49: Male | I49: 18-29 | J49: In-Progress | L49: Clinic opening hours are not clear to the community.
A50: CFM-2026-0205 | B50: 46161 | C50: Help Desk | D50: Gaza City | E50: Shelter | F50: Appreciation | G50: Non-Sensitive | H50: Female | I50: 18-29 | J50: Open | L50: Requesting information about the criteria for shelter repair kits.
A51: CFM-2026-0125 | B51: 46086 | C51: In-Person at Distribution | D51: Khan Yunis | E51: Shelter | F51: Complaint | G51: Non-Sensitive | H51: Male | I51: 45-59 | J51: Closed | K51: 46110
A52: CFM-2026-0169 | B52: 46056 | C52: Hotline | D52: Khan Yunis | E52: Food Security | F52: Request for Information | G52: Non-Sensitive | H52: Male | I52: 30-44 | J52: Closed | K52: 46080 | L52: Thanking the team for organising the last distribution well.
A53: CFM-2026-0405 | B53: 46143 | C53: Community Focal Point | D53: Nuseirat | F53: Request for Information | G53: Non-Sensitive | H53: Male | I53: 18-29 | J53: Closed | K53: 46150 | L53: Latrine at the site block needs cleaning and lighting at night.
A54: CFM-2026-0087 | B54: 46159 | C54: in-person at distribution | D54: Deir al-Balah | E54: Shelter | F54: Suggestion | G54: Non-Sensitive | H54: male | I54: 30-44 | J54: Closed | K54: 02/06/2026 | L54: Tarpaulin received is torn and does not cover the shelter area.
A55: CFM-2026-0284 | B55: 46070 | C55: Community Focal Point | D55: Khan Yunis | E55: WASH | F55: Complaint | G55: Non-Sensitive | H55: female | I55: 30-44 | J55: Referred | L55: The queue at the water point is not organised and older people cannot wait.
A56: CFM-2026-0384 | B56: 46121 | C56: Suggestion Box | D56: RAFAH | E56: WASH | F56: Complaint | G56: Non-Sensitive | H56: Female | I56: 30-44 | J56: Closed | K56: 46144 | L56: The queue at the water point is not organised and older people cannot wait.
A57: CFM-2026-0017 | B57: 46193 | C57: Suggestion box | D57: Khan Younis | E57: Health | F57: Complaint | G57: Non-Sensitive | H57: Female | I57: 30-44 | J57: Closed | K57: 46210 | L57: Clinic opening hours are not clear to the community.
A58: CFM-2026-0045 | B58: 46039 | C58: Help Desk | D58: Deir El-Balah | E58: WASH | F58: Request for Information | G58: Non-Sensitive | H58: Male | I58: 18-29 | J58: Open | L58: The queue at the water point is not organised and older people cannot wait.
A59: CFM-2026-0244 | B59: 46114 | C59: Suggestion Box | D59: Rafah | E59: Food Security | F59: Complaint | G59: Non-Sensitive | H59: Female | I59: 18-29 | J59: In Progress | L59: Food parcel contents did not match the announced list.
A60: CFM-2026-0135 | B60: 46110 | C60: Suggestion box | D60: jabalia | E60: Shelter | F60: Complaint | G60: Non-Sensitive | H60: Female | I60: 45-59 | J60: Closed | K60: 02/04/2026 | L60: Tarpaulin received is torn and does not cover the shelter area.
A61: CFM-2026-0389 | B61: 46138 | C61: Community Focal Point | D61: nuseirat | E61: WASH | F61: Complaint | G61: Non-Sensitive | H61: F | I61: 45-59 | J61: In Progress | L61: Latrine at the site block needs cleaning and lighting at night.
A62: CFM-2026-0333 | B62: 46216 | C62: phone hotline | D62: Rafah | E62: Shelter | F62: Appreciation | G62: Non-Sensitive | H62: Female | I62: 18-29 | J62: Open | L62: Tarpaulin received is torn and does not cover the shelter area.
A63: CFM-2026-0132 | B63: 46202 | C63: Suggestion Box | D63: Rafah | E63: Nutrition | F63: Suggestion | G63: Non-Sensitive | H63: Female | I63: 45-59 | J63: Closed | K63: 46218 | L63: Asking whether children above five are included in the screening.
A64: CFM-2026-0424 | B64: 46147 | C64: Help Desk | D64: nuseirat | E64: WASH | F64: Complaint | G64: Non-Sensitive | H64: Male | I64: Under 18 | J64: closed | K64: 46167 | L64: Water truck did not arrive at the agreed time for three consecutive days.
A65: CFM-2026-0073 | B65: 46188 | C65: Community Focal Point | D65: deir al-balah | E65: Nutrition | F65: Suggestion | G65: Non-Sensitive | H65: Female | I65: 30-44 | J65: closed | K65: 46211 | L65: Asking whether children above five are included in the screening.
A66: CFM-2026-0133 | B66: 46154 | C66: Help Desk | D66: rafah | E66: WASH | F66: Sensitive Complaint | G66: Sensitive | H66: Male | I66: 45-59 | J66: In Progress | L66: Sensitive case - details recorded separately by the focal point; not stored in this tracker.
A67: CFM-2026-0324 | B67: 46098 | C67: Help Desk | D67: deir al-balah | F67: Request for Information | G67: Non-Sensitive | H67: Female | I67: 45-59 | J67: Open | L67: Tarpaulin received is torn and does not cover the shelter area.
A68: CFM-2026-0207 | B68: 46107 | C68: suggestion box | D68: Khan Yunis | F68: Complaint | G68: Non-Sensitive | H68: F | I68: 45-59 | J68: Closed | K68: 46099 | L68: Shelter kit delivered on time and the team explained the use clearly.
A69: CFM-2026-0033 | B69: 46041 | C69: Suggestion box | D69: Nuseirat | E69: Shelter | F69: Complaint | G69: Non-Sensitive | H69: Female | I69: 30-44 | J69: closed | K69: 46066 | L69: Requesting information about the criteria for shelter repair kits.
A70: CFM-2026-0113 | B70: 46070 | C70: Suggestion box | D70: Deir El-Balah | E70: WASH | F70: Request for Information | G70: Non-Sensitive | H70: Female | I70: 30-44 | J70: In Progress | L70: Requesting additional jerrycans for a shared shelter of four families.
A71: CFM-2026-0309 | B71: 46123 | C71: Help Desk | D71: Rafah | E71: Shelter | F71: Suggestion | G71: Non-Sensitive | H71: Male | I71: 30-44 | J71: Closed | K71: 46138 | L71: Requesting information about the criteria for shelter repair kits.
A72: CFM-2026-0467 | B72: 46181 | C72: In-Person at Distribution | D72: Nuseirat | E72: Shelter | F72: Complaint | G72: Non-Sensitive | H72: Female | I72: 18-29 | J72: In Progress | L72: Shelter kit delivered on time and the team explained the use clearly.
A73: CFM-2026-0172 | B73: 46223 | C73: Help Desk | D73: Gaza City | E73: Health | F73: Request for Information | G73: Non-Sensitive | H73: Female | I73: 30-44 | J73: Open | L73: Waiting time at the mobile clinic is long during afternoon hours.
A74: CFM-2026-0180 | B74: 46072 | C74: Help Desk | D74: Khan Yunis | E74: Food Security | F74: Complaint | G74: Non-Sensitive | H74: F | I74: 30-44 | J74: Closed | K74: 46080 | L74: Food parcel contents did not match the announced list.
A75: CFM-2026-0242 | B75: 46191 | C75: Community Focal Point | D75: Khan Yunis | E75: Shelter | F75: Request for Information | G75: Non-Sensitive | H75: Prefer not to say | I75: 18-29 | J75: In Progress | L75: Tarpaulin received is torn and does not cover the shelter area.
A76: CFM-2026-0461 | B76: 46166 | C76: Suggestion Box | D76: Khan Younis | E76: Shelter | F76: Suggestion | G76: Non-Sensitive | H76: Male | I76: 18-29 | J76: Closed | K76: 46178 | L76: Requesting information about the criteria for shelter repair kits.
A77: CFM-2026-0044 | B77: 46215 | C77: Suggestion box | D77: Khan Yunis | E77: Food Security | F77: Complaint | G77: Non-Sensitive | H77: Female | I77: Under 18 | J77: OPEN | L77: Asking how the beneficiary list for the next round is prepared.
A78: CFM-2026-0177 | B78: 46111 | C78: Phone Hotline | D78: Deir al-Balah | E78: WASH | F78: Complaint | G78: Non-Sensitive | H78: Female | I78: 30-44 | J78: Open | L78: Requesting additional jerrycans for a shared shelter of four families.
A79: CFM-2026-0365 | B79: 46199 | C79: Phone Hotline | D79: Deir al-Balah | E79: Health | F79: Complaint | G79: Non-Sensitive | H79: Female | J79: In Progress | L79: Clinic opening hours are not clear to the community.
A80: CFM-2026-0130 | B80: 46213 | C80: Suggestion Box | D80: Rafah | E80: Nutrition | F80: Complaint | G80: Non-Sensitive | H80: Female | I80: 18-29 | J80: Closed | K80: 46241 | L80: Supplement was received but the guidance sheet was in English only.
A81: CFM-2026-0278 | B81: 46077 | C81: In-Person at Distribution | D81: Deir Al Balah | E81: Food Security | F81: Suggestion | G81: Non-Sensitive | H81: male | I81: 18-29 | J81: CLOSED | K81: 46099 | L81: Food parcel contents did not match the announced list.
A82: CFM-2026-0209 | B82: 46065 | C82: suggestion box | D82: Nuseirat | E82: WASH | F82: Request for Information | G82: Non-Sensitive | H82: Female | I82: 45-59 | J82: Closed | K82: 46080 | L82: The queue at the water point is not organised and older people cannot wait.
A83: CFM-2026-0379 | B83: 46129 | C83: in-person at distribution | D83: Nuseirat | E83: Nutrition | F83: Suggestion | G83: Non-Sensitive | H83: Female | I83: 30-44 | J83: Closed | K83: 46143 | L83: Requesting a screening session closer to the northern shelter.
A84: CFM-2026-0293 | B84: 46163 | C84: Community Focal Point | D84: Rafah | E84: Shelter | F84: Request for Information | G84: Non-Sensitive | H84: Female | I84: 30-44 | J84: In Progress | L84: Tarpaulin received is torn and does not cover the shelter area.
A85: CFM-2026-0013 | B85: 46039 | C85: phone hotline | D85: Nuseirat | E85: Food Security | F85: Request for Information | G85: Non-Sensitive | H85: Female | I85: Under 18 | J85: Open | L85: Food parcel contents did not match the announced list.
A86: CFM-2026-0234 | B86: 46164 | C86: Help Desk | D86: gaza city | E86: Food Security | F86: Suggestion | G86: Non-Sensitive | H86: Female | I86: 30-44 | J86: CLOSED | K86: 46188 | L86: Thanking the team for organising the last distribution well.
A87: CFM-2026-0040 | B87: 46124 | C87: Suggestion Box | D87: Khan Yunis | E87: Nutrition | F87: Complaint | G87: Non-Sensitive | H87: Female | I87: 18-29 | J87: Open | L87: Supplement was received but the guidance sheet was in English only.
A88: CFM-2026-0383 | B88: 46190 | C88: In-Person at Distribution | D88: Jabalia | E88: Shelter | F88: Suggestion | G88: Non-Sensitive | H88: Prefer not to say | I88: 45-59 | J88: Closed | K88: 46197 | L88: Shelter kit delivered on time and the team explained the use clearly.
A89: CFM-2026-0306 | B89: 46089 | C89: community focal point | D89: Jabalia | F89: Complaint | G89: Non-Sensitive | H89: Male | I89: 18-29 | J89: Closed | K89: 46113 | L89: Waiting time at the mobile clinic is long during afternoon hours.
A90: CFM-2026-0280 | B90: 46074 | C90: In-Person at Distribution | D90: Khan Yunis | E90: Nutrition | F90: Request for Information | G90: Non-Sensitive | H90: Male | I90: Under 18 | J90: Referred | L90: Requesting a screening session closer to the northern shelter.
A91: CFM-2026-0089 | B91: 46115 | C91: Community Focal Point | D91: Nuseirat | E91: Health | F91: Complaint | G91: Non-Sensitive | H91: Female | I91: 18-29 | J91: In Progress | K91: 46119 | L91: Clinic opening hours are not clear to the community.
A92: CFM-2026-0114 | B92: 46094 | C92: in-person at distribution | D92: deir al-balah | E92: Nutrition | F92: Complaint | G92: Non-Sensitive | H92: Male | I92: 30-44 | J92: Open | L92: Supplement was received but the guidance sheet was in English only.
A93: CFM-2026-0366 | B93: 46082 | C93: Phone Hotline | D93: Deir al-Balah | E93: Food Security | F93: Complaint | G93: Non-Sensitive | H93: Female | I93: 30-44 | J93: Open | L93: Distribution point is far and transport cost is high for our family.
A94: CFM-2026-0127 | B94: 46102 | C94: In-Person at Distribution | D94: Jabalia | E94: Food Security | F94: Request for Information | G94: Non-Sensitive | H94: Female | I94: 30-44 | J94: CLOSED | K94: 46128 | L94: Asking how the beneficiary list for the next round is prepared.
A95: CFM-2026-0319 | B95: 46114 | C95: HELP DESK | D95: Jabaliya | E95: WASH | F95: Request for Information | G95: Non-Sensitive | H95: Female | I95: Under 18 | J95: Closed | K95: 46115 | L95: Water truck did not arrive at the agreed time for three consecutive days.
A96: CFM-2026-0112 | B96: 46197 | C96: Helpdesk | D96: gaza city | E96: Shelter | F96: Request for Information | G96: Non-Sensitive | H96: F | I96: 30-44 | J96: Closed | K96: 46202 | L96: Shelter kit delivered on time and the team explained the use clearly.
A97: CFM-2026-0364 | B97: 46163 | C97: HELP DESK | D97: Khan Yunis | E97: Shelter | F97: Appreciation | G97: Non-Sensitive | H97: Male | I97: 30-44 | J97: Closed | K97: 46178 | L97: Shelter kit delivered on time and the team explained the use clearly.
A98: CFM-2026-0048 | B98: 46050 | C98: Help Desk | D98: Deir al-Balah | E98: Health | F98: Request for Information | G98: Non-Sensitive | H98: Male | I98: 30-44 | J98: Closed | K98: 46063 | L98: Waiting time at the mobile clinic is long during afternoon hours.
A99: CFM-2026-0222 | B99: 46203 | C99: Help Desk | D99: RAFAH | E99: Nutrition | F99: Complaint | G99: Non-Sensitive | H99: Female | I99: 45-59 | J99: Closed | K99: 46209 | L99: Supplement was received but the guidance sheet was in English only.
A100: CFM-2026-0404 | B100: 46030 | C100: Help Desk | D100: Gaza City | E100: Nutrition | F100: Sensitive Complaint | G100: Sensitive | H100: Male | I100: 30-44 | J100: Closed | K100: 46053 | L100: Sensitive case - details recorded separately by the focal point; not stored in this tracker.
...

Sheet Reference_Lists
A1: CANONICAL VALUE LISTS - use these as the single source of truth when standardising Raw_Data
A3: Channel | C3: Location | E3: Sector | G3: Feedback_Type | I3: Sensitivity
A4: Help Desk | C4: Khan Yunis | E4: WASH | G4: Complaint | I4: Non-Sensitive
A5: Phone Hotline | C5: Rafah | E5: Food Security | G5: Request for Information | I5: Sensitive
A6: Suggestion Box | C6: Deir al-Balah | E6: Nutrition | G6: Suggestion
A7: Community Focal Point | C7: Gaza City | E7: Shelter | G7: Appreciation
A8: In-Person at Distribution | C8: Jabalia | E8: Health | G8: Sensitive Complaint
C9: Nuseirat
A11: Gender | C11: Age_Group | E11: Status | G11: Response-time standard (assumption set by you, not by any organisation)
A12: Female | C12: Under 18 | E12: Open | G12: Sensitivity | H12: Target_Response_Days
A13: Male | C13: 18-29 | E13: In Progress | G13: Sensitive | H13: 3
A14: Prefer not to say | C14: 30-44 | E14: Closed | G14: Non-Sensitive | H14: 15
C15: 45-59 | E15: Referred
C16: 60+
A21: VARIANT -> CANONICAL MAPPING (build your lookup against this table)
A22: Field | B22: Variant found in Raw_Data | C22: Canonical value
A23: Channel | B23: help desk | C23: Help Desk
A24: Channel | B24: Helpdesk | C24: Help Desk
A25: Channel | B25: HELP DESK | C25: Help Desk
A26: Channel | B26: Help Desk | C26: Help Desk
A27: Channel | B27: phone hotline | C27: Phone Hotline
A28: Channel | B28: Hotline | C28: Phone Hotline
A29: Channel | B29: Phone Hotline | C29: Phone Hotline
A30: Channel | B30: suggestion box | C30: Suggestion Box
A31: Channel | B31: Suggestion box | C31: Suggestion Box
A32: Channel | B32: community focal point | C32: Community Focal Point
A33: Channel | B33: Focal Point | C33: Community Focal Point
... A65: Status | B65: referred | C65: Referred

Sheet Build_Spec
A1: COMMUNITY FEEDBACK & COMPLAINTS DATA QUALITY TRACKER - BUILD SPECIFICATION
A2: This workbook contains synthetic practice data only. No real person, household or organisation is represented.
A3: Defects in Raw_Data were introduced deliberately so that the cleaning and quality-check work has something to find.
A5: SCOPE OF THIS EXERCISE - keep your claims inside this line
A6: In scope: PivotTables, INDEX/MATCH, COUNTIFS, SUMIFS, AVERAGEIFS, SUMPRODUCT, COUNTBLANK, UNIQUE, IFERROR, TRIM, PROPER, TEXT, DATE/DATEVALUE, Remove Duplicates, Data Validation, Conditional Formatting.
A7: Deliberately out of scope: Power Query, VBA and macros, Power Pivot and DAX, statistical modelling. Do not claim these anywhere.
A9: COMPLETED PHASE 1 - Clean_Data
A10: 1. Copy Raw_Data into a new sheet named Clean_Data. Never edit Raw_Data - it is your before state and your evidence.
A11: 2. Standardise Channel, Location, Gender and Status against Reference_Lists using a lookup on the variant-to-canonical table; wrap it in IFERROR so an unmatched value stays visible instead of breaking.
A12: 3. Strip stray spaces and fix casing with TRIM and PROPER before the lookup runs.
A13: 4. Convert text dates to real dates with a locale-safe DATE formula using extracted day, month and year components, then apply a DD/MM/YYYY number format to the whole column.
A14: 5. Remove exact duplicate cases. Decide and write down your rule: which of two identical Case_IDs you keep, and why.
... A42: The limits of the exercise: synthetic data, no real intake process behind it, and no organisational data-protection policy applied.

Sheet Data_Quality_Check
A1: COMMUNITY FEEDBACK & COMPLAINTS MECHANISM - DATA QUALITY REGISTER
A2: Self-directed MEAL data-quality practice project using synthetic data. Response-time targets are assumed for demonstration purposes and do not represent an organisation's official standards.
A3: Source: Clean_Data (CleanDataTable). Raw_Data is preserved unchanged. Surviving defects are measured and reported, never corrected, filled or imputed. This completed deliverable covers data cleaning, alignment hardening, quality checks and reconciliation; dashboard development is an optional future extension.
A5: SECTION 1 - DATA QUALITY REGISTER
A6: Check_ID | B6: Data_Quality_Dimension | C6: Data_Quality_Check | D6: Issue_Count | E6: Denominator | F6: Completeness_or_Rate | G6: Result_Status | H6: Programme_Action | I6: Formula_Explanation
A7: DQ-01 | B7: Completeness | C7: Sector not recorded | D7: =COUNTBLANK(Clean_Data!$E$2:$E$501) -> 22 | E7: =COUNTA(Clean_Data!$A$2:$A$501) -> 500 | F7: =IFERROR(1-D7/E7,"") -> 0.956 | G7: =IF(D7=0,"Pass","Review required") -> Review required | H7: Return the flagged records to the data-collection team for sector classification before any disaggregated reporting is issued. | I7: COUNTBLANK counts cells in the Sector column that are empty or return an empty string; the denominator is the count of Case_IDs in the cleaned table.
A8: DQ-02 | B8: Completeness | C8: Sensitivity classification not recorded | D8: =COUNTBLANK(Clean_Data!$G$2:$G$501) -> 15 | E8: =COUNTA(Clean_Data!$A$2:$A$501) -> 500 | F8: =IFERROR(1-D8/E8,"") -> 0.97 | G8: =IF(D8=0,"Pass","Review required") -> Review required | H8: Review classification with authorised staff: without it the correct response-time target cannot be applied and the case is excluded from performance assessment. | I8: COUNTBLANK over the Sensitivity column. Each blank propagates into Target_Response_Days as UNMATCHED, so this check and DQ-10 are linked.
A9: DQ-03 | B9: Completeness | C9: Age group not recorded | D9: =COUNTBLANK(Clean_Data!$I$2:$I$501) -> 18 | E9: =COUNTA(Clean_Data!$A$2:$A$501) -> 500 | F9: =IFERROR(1-D9/E9,"") -> 0.964 | G9: =IF(D9=0,"Pass","Review required") -> Review required | H9: Request completion at source where the respondent provided it; do not estimate age group for disaggregation. | I9: COUNTBLANK over the Age_Group column, expressed against the same record denominator as every other completeness check.
A10: DQ-04 | B10: Completeness | C10: Feedback note not recorded | D10: =COUNTBLANK(Clean_Data!$L$2:$L$501) -> 12 | E10: =COUNTA(Clean_Data!$A$2:$A$501) -> 500 | F10: =IFERROR(1-D10/E10,"") -> 0.976 | G10: =IF(D10=0,"Pass","Review required") -> Review required | H10: Check whether a non-sensitive summary can be completed; do not request sensitive narrative detail that the tracker is not designed to hold. | I10: COUNTBLANK over the Feedback_Note column. Sensitive cases deliberately carry a placeholder rather than narrative detail, so blanks here are a completeness issue, not a confidentiality one.
A11: DQ-05 | B11: Uniqueness | C11: Duplicate Case_ID records remaining (beyond first occurrence) | D11: =COUNTA(Clean_Data!$A$2:$A$501)-SUMPRODUCT(1/COUNTIF(Clean_Data!$A$2:$A$501,Clean_Data!$A$2:$A$501)) -> 0 | G11: =IF(D11=0,"Pass","Review required") -> Pass | H11: No duplicates are expected. If this count rises, re-open the de-duplication rule and verify the affected Case_IDs before reporting. | I11: Total records minus the distinct count. COUNTIF returns how many times each Case_ID appears, so 1/COUNTIF gives every duplicate group a combined weight of exactly 1; the difference is the number of rows beyond the first occurrence. Uses no dynamic-array function, so it works in every Excel version.
A12: DQ-06 | B12: Alignment | C12: Case_ID not aligned with linked source row | D12: =COUNTA(Clean_Data!$A$2:$A$501)-COUNTIF(Clean_Data!$Q$2:$Q$501,"ALIGNED") -> 0 | G12: =IF(D12=0,"Pass","Review required") -> Pass | H12: Suspend use of any affected row until the source link and the stable Case_ID are reconciled; do not report figures from a misaligned row. | I12: Counts every row whose Alignment_Check is not ALIGNED, so MISMATCH, MISSING ID and CHECK are all captured rather than only the mismatch label.
A13: DQ-07 | B13: Date logic | C13: Date_Closed earlier than Date_Received | D13: =SUMPRODUCT(--ISNUMBER(Clean_Data!$B$2:$B$501),--ISNUMBER(Clean_Data!$K$2:$K$501),--(Clean_Data!$K$2:$K$501<Clean_Data!$B$2:$B$501)) -> 11 | G13: =IF(D13=0,"Pass","Review required") -> Review required | H13: Verify the original receipt and closure dates against source records; correct only after source verification and record the change in an audit trail. | I13: SUMPRODUCT requires both dates to be true numeric dates before testing whether Date_Closed precedes Date_Received. The ISNUMBER guards matter: Excel ranks any text above any number, so a date left as text would otherwise be counted as an error or hide a real one.
A14: DQ-08 | B14: Status logic | C14: Status Closed with no Date_Closed | D14: =SUMPRODUCT((Clean_Data!$J$2:$J$501="Closed")*(Clean_Data!$K$2:$K$501="")) -> 10 | G14: =IF(D14=0,"Pass","Review required") -> Review required | H14: Confirm whether the case is genuinely closed and complete the closure documentation; these cases cannot enter response-time performance until resolved. | I14: SUMPRODUCT over two conditions: status equals Closed and the closure date is empty. This is the first exclusion reason in the reconciliation block.
A15: DQ-09 | B15: Status logic | C15: Status Open or In Progress carrying a Date_Closed | D15: =SUMPRODUCT(((Clean_Data!$J$2:$J$501="Open")+(Clean_Data!$J$2:$J$501="In Progress"))*(Clean_Data!$K$2:$K$501<>"")) -> 8 | G15: =IF(D15=0,"Pass","Review required") -> Review required | H15: Confirm with the responsible team whether the status or the closure date is incorrect before either field is used in reporting. | I15: The two status conditions are added inside the brackets so the expression behaves as OR, then multiplied by the test that a closure date exists. A single COUNTIFS cannot express OR across one column.
A16: DQ-10 | B16: Lookup integrity | C16: Target_Response_Days returning UNMATCHED | D16: =COUNTIF(Clean_Data!$N$2:$N$501,"UNMATCHED") -> 15 | G16: =IF(D16=0,"Pass","Review required") -> Review required | H16: Resolve the underlying Sensitivity classification; the lookup is behaving correctly and must not be forced to return a default target. | I16: COUNTIF for the visible UNMATCHED label written by the IFERROR wrapper in the lookup, so a failed match stays visible instead of collapsing to a blank.
A17: DQ-11 | B17: Formula integrity | C17: Formula errors in calculated fields | D17: =SUMPRODUCT(--ISERROR(Clean_Data!$M$2:$O$501)) -> 0 | G17: =IF(D17=0,"Pass","Review required") -> Pass | H17: No formula error is acceptable in a reporting field. Trace any error to its source before using the derived performance measures. | I17: ISERROR is evaluated across the three calculated columns at once and the double negative converts TRUE and FALSE into 1 and 0 for SUMPRODUCT to total.
A18: DQ-12 | B18: Conformity | C18: Categorical value outside the canonical reference lists | D18: =COUNTIF(Clean_Data!$C$2:$C$501,"UNMATCHED")+COUNTIF(Clean_Data!$D$2:$D$501,"UNMATCHED")+COUNTIF(Clean_Data!$H$2:$H$501,"UNMATCHED")+COUNTIF(Clean_Data!$J$2:$J$501,"UNMATCHED") -> 0 | G18: =IF(D18=0,"Pass","Review required") -> Pass | H18: If any value appears here, review the standardisation mapping and canonical lists; do not manually overwrite the cleaned record. | I18: Each standardised field returns the visible label UNMATCHED whenever its mapping fails. COUNTIF totals those visible exceptions across Channel, Location, Gender and Status.
A19: DQ-13 | B19: Date integrity | C19: Date values still stored as text after cleaning | D19: =SUMPRODUCT(--(Clean_Data!$B$2:$B$501<>""),--ISTEXT(Clean_Data!$B$2:$B$501))+SUMPRODUCT(--(Clean_Data!$K$2:$K$501<>""),--ISTEXT(Clean_Data!$K$2:$K$501)) -> 0 | G19: =IF(D19=0,"Pass","Review required") -> Pass | H19: Re-run the locale-safe date conversion on the flagged cells and verify the original entry before using the dates in response-time reporting. | I19: SUMPRODUCT counts only non-blank Date_Received and Date_Closed cells that still evaluate as text; a result of zero confirms that stored text dates were converted to real date values.
A20: SECTION 2 - TARGET-ASSESSMENT RECONCILIATION
C21: Metric | D21: Value | H21: Definition / basis
C22: Total Closed cases | D22: =COUNTIF(Clean_Data!$J$2:$J$501,"Closed") -> 289 | H22: Every record whose standardised status is Closed.
C23: Eligible for target assessment | D23: =SUMPRODUCT(--(Clean_Data!$J$2:$J$501="Closed"),--ISNUMBER(Clean_Data!$K$2:$K$501),--ISNUMBER(Clean_Data!$M$2:$M$501),--(Clean_Data!$M$2:$M$501>=0),--ISNUMBER(Clean_Data!$N$2:$N$501)) -> 259 | H23: Closed cases carrying a genuine numeric closure date, a numeric non-negative response time and a matched numeric response-time target - the four conditions that allow a verdict. Tested with ISNUMBER rather than against the UNMATCHED label, so a blank or text value can never pass as eligible.
C24: Within target | D24: =SUMPRODUCT(--(Clean_Data!$J$2:$J$501="Closed"),--(Clean_Data!$O$2:$O$501=TRUE())) -> 143 | H24: Eligible cases closed within the assumed response-time target.
C25: Outside target | D25: =SUMPRODUCT(--(Clean_Data!$J$2:$J$501="Closed"),--(Clean_Data!$O$2:$O$501=FALSE())) -> 116 | H25: Eligible cases closed after the assumed response-time target.
C26: Excluded from target assessment | D26: =D22-D23 -> 30 | H26: Total Closed minus eligible; these cases cannot be judged either way and must be reported separately, never dropped silently.
A28: MUTUALLY EXCLUSIVE EXCLUSION REASONS (applied in precedence order)
C29: 1. Closed with missing Date_Closed | D29: =SUMPRODUCT((Clean_Data!$J$2:$J$501="Closed")*(Clean_Data!$K$2:$K$501="")) -> 10 | H29: First in precedence: without a closure date no response time exists.
C30: 2. Negative Response_Days (date present) | D30: =COUNTIFS(Clean_Data!$J$2:$J$501,"Closed",Clean_Data!$K$2:$K$501,"<>",Clean_Data!$M$2:$M$501,"<0") -> 11 | H30: Second: a closure date earlier than receipt. Includes the one record that also lacks Sensitivity, which is why it is not counted again below.
C31: 3. Sensitivity unresolved (dates valid) | D31: =COUNTIFS(Clean_Data!$J$2:$J$501,"Closed",Clean_Data!$K$2:$K$501,"<>",Clean_Data!$M$2:$M$501,">=0",Clean_Data!$N$2:$N$501,"UNMATCHED") -> 9 | H31: Third: dates are sound but no response-time target could be assigned.
C32: 4. Other or unexpected reason | D32: =SUMPRODUCT(--(Clean_Data!$J$2:$J$501="Closed"),--(Clean_Data!$K$2:$K$501<>""),--(Clean_Data!$M$2:$M$501>=0),--(Clean_Data!$N$2:$N$501<>"UNMATCHED"),--(Clean_Data!$O$2:$O$501="NOT ASSESSED")) -> 0 | H32: Independently derived, not a residual: a case meeting all four eligibility conditions whose Within_Target still shows no verdict. Doubles as an integrity test between the arithmetic definition and the Within_Target column.
C33: Sum of exclusive exclusion reasons | D33: =SUM(D29:D32) -> 30 | H33: Must equal the excluded total above.
C34: Reconciliation difference (must be zero) | D34: =D22-D23-D33 -> 0 | H34: Total Closed minus eligible minus the sum of exclusive reasons. Any non-zero value means a closed case is unaccounted for.
A36: NON-ADDITIVE RAW COUNTS - OVERLAPPING, DO NOT SUM
C37: Closed with missing Date_Closed (raw) | D37: =SUMPRODUCT((Clean_Data!$J$2:$J$501="Closed")*(Clean_Data!$K$2:$K$501="")) -> 10
C38: Closed with negative Response_Days (raw) | D38: =COUNTIFS(Clean_Data!$J$2:$J$501,"Closed",Clean_Data!$M$2:$M$501,"<0") -> 11
C39: Closed with missing Sensitivity (raw) | D39: =SUMPRODUCT((Clean_Data!$J$2:$J$501="Closed")*(Clean_Data!$G$2:$G$501="")) -> 10
C40: Naive total of the three raw counts | D40: =SUM(D37:D39) -> 31 | H40: Shown only to demonstrate the double-count: one closed case carries both a negative Response_Days and a missing Sensitivity, so this figure overstates the true exclusion total by one.
A42: SECTION 3 - MANAGEMENT SUMMARY
C43: ="1. Total records assessed: "&TEXT(COUNTA(Clean_Data!$A$2:$A$501),"0")&" cleaned Community Feedback Mechanism cases. Duplicate records beyond the first occurrence: "&TEXT(D11,"0")&"; alignment exceptions: "&TEXT(D12,"0")&"." -> 1. Total records assessed: 500 cleaned Community Feedback Mechanism cases. Duplicate records beyond the first occurrence: 0; alignment exceptions: 0.
C44: ="2. Three priority issues: "&TEXT(D8,"0")&" cases lack Sensitivity, preventing assignment of the response-time target; "&TEXT(D13,"0")&" cases have closure dates earlier than receipt; and "&TEXT(D14,"0")&" Closed cases lack a closure date. In addition, Sector is missing on "&TEXT(D7,"0")&" cases, limiting disaggregated reporting." -> 2. Three priority issues: 15 cases lack Sensitivity, preventing assignment of the response-time target; 11 cases have closure dates earlier than receipt; and 10 Closed cases lack a closure date. In addition, Sector is missing on 22 cases, limiting disaggregated reporting.
C45: ="3. Closed cases excluded from target assessment: "&TEXT(D26,"0")&" of "&TEXT(D22,"0")&" closed cases - "&TEXT(D29,"0")&" with no closure date, "&TEXT(D30,"0")&" with a negative response time, "&TEXT(D31,"0")&" with unresolved sensitivity, "&TEXT(D32,"0")&" other. Performance of "&TEXT(D24,"0")&" within target and "&TEXT(D25,"0")&" outside target is therefore based on "&TEXT(D23,"0")&" cases, not "&TEXT(D22,"0")&"." -> 3. Closed cases excluded from target assessment: 30 of 289 closed cases - 10 with no closure date, 11 with a negative response time, 9 with unresolved sensitivity, 0 other. Performance of 143 within target and 116 outside target is therefore based on 259 cases, not 289.
C46: ="4. First question to the field team: can the flagged closure dates, case statuses and missing sensitivity classifications be verified at source before any response-time performance figure is reported?" -> 4. First question to the field team: can the flagged closure dates, case statuses and missing sensitivity classifications be verified at source before any response-time performance figure is reported?

Sheet Clean_Data
A1: Case_ID | B1: Date_Received | C1: Channel | D1: Location | E1: Sector | F1: Feedback_Type | G1: Sensitivity | H1: Gender | I1: Age_Group | J1: Status | K1: Date_Closed | L1: Feedback_Note | M1: Response_Days | N1: Target_Response_Days | O1: Within_Target | P1: Linked_Source_Case_ID | Q1: Alignment_Check
A2: CFM-2026-0367 | B2: =IF(Raw_Data!B2="","",IF(ISTEXT(Raw_Data!B2),IFERROR(DATE(VALUE(RIGHT(TRIM(Raw_Data!B2),4)),VALUE(MID(TRIM(Raw_Data!B2),4,2)),VALUE(LEFT(TRIM(Raw_Data!B2),2))),"CHECK"),Raw_Data!B2)) -> 46193 | C2: =IFERROR(INDEX(Reference_Lists!$C$23:$C$35,MATCH(PROPER(TRIM(Raw_Data!C2)),Reference_Lists!$B$23:$B$35,0)),"UNMATCHED") -> In-Person at Distribution | D2: =IFERROR(INDEX(Reference_Lists!$C$36:$C$50,MATCH(PROPER(TRIM(Raw_Data!D2)),Reference_Lists!$B$36:$B$50,0)),"UNMATCHED") -> Nuseirat | E2: =IF(Raw_Data!E2="","",Raw_Data!E2) -> Food Security | F2: =IF(Raw_Data!F2="","",Raw_Data!F2) -> Request for Information | G2: =IF(Raw_Data!G2="","",Raw_Data!G2) -> Non-Sensitive | H2: =IFERROR(INDEX(Reference_Lists!$C$51:$C$57,MATCH(PROPER(TRIM(Raw_Data!H2)),Reference_Lists!$B$51:$B$57,0)),"UNMATCHED") -> Female | I2: =IF(Raw_Data!I2="","",Raw_Data!I2) -> 60+ | J2: =IFERROR(INDEX(Reference_Lists!$C$58:$C$65,MATCH(PROPER(TRIM(Raw_Data!J2)),Reference_Lists!$B$58:$B$65,0)),"UNMATCHED") -> Closed | K2: =IF(Raw_Data!K2="","",IF(ISTEXT(Raw_Data!K2),IFERROR(DATE(VALUE(RIGHT(TRIM(Raw_Data!K2),4)),VALUE(MID(TRIM(Raw_Data!K2),4,2)),VALUE(LEFT(TRIM(Raw_Data!K2),2))),"CHECK"),Raw_Data!K2)) -> 46203 | L2: =IF(Raw_Data!L2="","",Raw_Data!L2) | M2: =IF(OR(B2="",K2=""),"",IFERROR(K2-B2,"CHECK")) -> 10 | N2: =IFERROR(INDEX(Reference_Lists!$H$13:$H$14,MATCH(G2,Reference_Lists!$G$13:$G$14,0)),"UNMATCHED") -> 15 | O2: =IF(AND(J2="Closed",ISNUMBER(M2),ISNUMBER(N2),M2>=0),M2<=N2,"NOT ASSESSED") -> TRUE | P2: =Raw_Data!A2 -> CFM-2026-0367 | Q2: =IFERROR(IF(OR($A2="",$P2=""),"MISSING ID",IF(EXACT($A2,$P2),"ALIGNED","MISMATCH")),"CHECK") -> ALIGNED
A3: CFM-2026-0154 | B3: =IF(Raw_Data!B3="","",IF(ISTEXT(Raw_Data!B3),IFERROR(DATE(VALUE(RIGHT(TRIM(Raw_Data!B3),4)),VALUE(MID(TRIM(Raw_Data!B3),4,2)),VALUE(LEFT(TRIM(Raw_Data!B3),2))),"CHECK"),Raw_Data!B3)) -> 46150 | C3: =IFERROR(INDEX(Reference_Lists!$C$23:$C$35,MATCH(PROPER(TRIM(Raw_Data!C3)),Reference_Lists!$B$23:$B$35,0)),"UNMATCHED") -> Phone Hotline | D3: =IFERROR(INDEX(Reference_Lists!$C$36:$C$50,MATCH(PROPER(TRIM(Raw_Data!D3)),Reference_Lists!$B$36:$B$50,0)),"UNMATCHED") -> Khan Yunis | E3: =IF(Raw_Data!E3="","",Raw_Data!E3) -> Food Security | F3: =IF(Raw_Data!F3="","",Raw_Data!F3) -> Complaint | G3: =IF(Raw_Data!G3="","",Raw_Data!G3) -> Non-Sensitive | H3: =IFERROR(INDEX(Reference_Lists!$C$51:$C$57,MATCH(PROPER(TRIM(Raw_Data!H3)),Reference_Lists!$B$51:$B$57,0)),"UNMATCHED") -> Female | I3: =IF(Raw_Data!I3="","",Raw_Data!I3) -> 45-59 | J3: =IFERROR(INDEX(Reference_Lists!$C$58:$C$65,MATCH(PROPER(TRIM(Raw_Data!J3)),Reference_Lists!$B$58:$B$65,0)),"UNMATCHED") -> Closed | K3: =IF(Raw_Data!K3="","",IF(ISTEXT(Raw_Data!K3),IFERROR(DATE(VALUE(RIGHT(TRIM(Raw_Data!K3),4)),VALUE(MID(TRIM(Raw_Data!K3),4,2)),VALUE(LEFT(TRIM(Raw_Data!K3),2))),"CHECK"),Raw_Data!K3)) -> 46153 | L3: =IF(Raw_Data!L3="","",Raw_Data!L3) -> Food parcel contents did not match the announced list. | M3: =IF(OR(B3="",K3=""),"",IFERROR(K3-B3,"CHECK")) -> 3 | N3: =IFERROR(INDEX(Reference_Lists!$H$13:$H$14,MATCH(G3,Reference_Lists!$G$13:$G$14,0)),"UNMATCHED") -> 15 | O3: =IF(AND(J3="Closed",ISNUMBER(M3),ISNUMBER(N3),M3>=0),M3<=N3,"NOT ASSESSED") -> TRUE | P3: =Raw_Data!A3 -> CFM-2026-0154 | Q3: =IFERROR(IF(OR($A3="",$P3=""),"MISSING ID",IF(EXACT($A3,$P3),"ALIGNED","MISMATCH")),"CHECK") -> ALIGNED
A4: CFM-2026-0388 | B4: =IF(Raw_Data!B4="","",IF(ISTEXT(Raw_Data!B4),IFERROR(DATE(VALUE(RIGHT(TRIM(Raw_Data!B4),4)),VALUE(MID(TRIM(Raw_Data!B4),4,2)),VALUE(LEFT(TRIM(Raw_Data!B4),2))),"CHECK"),Raw_Data!B4)) -> 46144 | C4: =IFERROR(INDEX(Reference_Lists!$C$23:$C$35,MATCH(PROPER(TRIM(Raw_Data!C4)),Reference_Lists!$B$23:$B$35,0)),"UNMATCHED") -> Suggestion Box | D4: =IFERROR(INDEX(Reference_Lists!$C$36:$C$50,MATCH(PROPER(TRIM(Raw_Data!D4)),Reference_Lists!$B$36:$B$50,0)),"UNMATCHED") -> Khan Yunis | E4: =IF(Raw_Data!E4="","",Raw_Data!E4) -> Shelter | F4: =IF(Raw_Data!F4="","",Raw_Data!F4) -> Suggestion | G4: =IF(Raw_Data!G4="","",Raw_Data!G4) -> Non-Sensitive | H4: =IFERROR(INDEX(Reference_Lists!$C$51:$C$57,MATCH(PROPER(TRIM(Raw_Data!H4)),Reference_Lists!$B$51:$B$57,0)),"UNMATCHED") -> Female | I4: =IF(Raw_Data!I4="","",Raw_Data!I4) -> 45-59 | J4: =IFERROR(INDEX(Reference_Lists!$C$58:$C$65,MATCH(PROPER(TRIM(Raw_Data!J4)),Reference_Lists!$B$58:$B$65,0)),"UNMATCHED") -> Closed | K4: =IF(Raw_Data!K4="","",IF(ISTEXT(Raw_Data!K4),IFERROR(DATE(VALUE(RIGHT(TRIM(Raw_Data!K4),4)),VALUE(MID(TRIM(Raw_Data!K4),4,2)),VALUE(LEFT(TRIM(Raw_Data!K4),2))),"CHECK"),Raw_Data!K4)) -> 46151 | L4: =IF(Raw_Data!L4="","",Raw_Data!L4) -> Tarpaulin received is torn and does not cover the shelter area. | M4: =IF(OR(B4="",K4=""),"",IFERROR(K4-B4,"CHECK")) -> 7 | N4: =IFERROR(INDEX(Reference_Lists!$H$13:$H$14,MATCH(G4,Reference_Lists!$G$13:$G$14,0)),"UNMATCHED") -> 15 | O4: =IF(AND(J4="Closed",ISNUMBER(M4),ISNUMBER(N4),M4>=0),M4<=N4,"NOT ASSESSED") -> TRUE | P4: =Raw_Data!A4 -> CFM-2026-0388 | Q4: =IFERROR(IF(OR($A4="",$P4=""),"MISSING ID",IF(EXACT($A4,$P4),"ALIGNED","MISMATCH")),"CHECK") -> ALIGNED
A5: CFM-2026-0498 | B5: =IF(Raw_Data!B5="","",IF(ISTEXT(Raw_Data!B5),IFERROR(DATE(VALUE(RIGHT(TRIM(Raw_Data!B5),4)),VALUE(MID(TRIM(Raw_Data!B5),4,2)),VALUE(LEFT(TRIM(Raw_Data!B5),2))),"CHECK"),Raw_Data!B5)) -> 46075 | C5: =IFERROR(INDEX(Reference_Lists!$C$23:$C$35,MATCH(PROPER(TRIM(Raw_Data!C5)),Reference_Lists!$B$23:$B$35,0)),"UNMATCHED") -> Community Focal Point | D5: =IFERROR(INDEX(Reference_Lists!$C$36:$C$50,MATCH(PROPER(TRIM(Raw_Data!D5)),Reference_Lists!$B$36:$B$50,0)),"UNMATCHED") -> Gaza City | E5: =IF(Raw_Data!E5="","",Raw_Data!E5) -> Health | F5: =IF(Raw_Data!F5="","",Raw_Data!F5) -> Sensitive Complaint | G5: =IF(Raw_Data!G5="","",Raw_Data!G5) -> Sensitive | H5: =IFERROR(INDEX(Reference_Lists!$C$51:$C$57,MATCH(PROPER(TRIM(Raw_Data!H5)),Reference_Lists!$B$51:$B$57,0)),"UNMATCHED") -> Female | I5: =IF(Raw_Data!I5="","",Raw_Data!I5) -> 30-44 | J5: =IFERROR(INDEX(Reference_Lists!$C$58:$C$65,MATCH(PROPER(TRIM(Raw_Data!J5)),Reference_Lists!$B$58:$B$65,0)),"UNMATCHED") -> Closed | K5: =IF(Raw_Data!K5="","",IF(ISTEXT(Raw_Data!K5),IFERROR(DATE(VALUE(RIGHT(TRIM(Raw_Data!K5),4)),VALUE(MID(TRIM(Raw_Data!K5),4,2)),VALUE(LEFT(TRIM(Raw_Data!K5),2))),"CHECK"),Raw_Data!K5)) -> 46078 | L5: =IF(Raw_Data!L5="","",Raw_Data!L5) -> Sensitive case - details recorded separately by the focal point; not stored in this tracker. | M5: =IF(OR(B5="",K5=""),"",IFERROR(K5-B5,"CHECK")) -> 3 | N5: =IFERROR(INDEX(Reference_Lists!$H$13:$H$14,MATCH(G5,Reference_Lists!$G$13:$G$14,0)),"UNMATCHED") -> 3 | O5: =IF(AND(J5="Closed",ISNUMBER(M5),ISNUMBER(N5),M5>=0),M5<=N5,"NOT ASSESSED") -> TRUE | P5: =Raw_Data!A5 -> CFM-2026-0498 | Q5: =IFERROR(IF(OR($A5="",$P5=""),"MISSING ID",IF(EXACT($A5,$P5),"ALIGNED","MISMATCH")),"CHECK") -> ALIGNED
A6: CFM-2026-0041 | B6: =IF(Raw_Data!B6="","",IF(ISTEXT(Raw_Data!B6),IFERROR(DATE(VALUE(RIGHT(TRIM(Raw_Data!B6),4)),VALUE(MID(TRIM(Raw_Data!B6),4,2)),VALUE(LEFT(TRIM(Raw_Data!B6),2))),"CHECK"),Raw_Data!B6)) -> 46137 | C6: =IFERROR(INDEX(Reference_Lists!$C$23:$C$35,MATCH(PROPER(TRIM(Raw_Data!C6)),Reference_Lists!$B$23:$B$35,0)),"UNMATCHED") -> In-Person at Distribution | D6: =IFERROR(INDEX(Reference_Lists!$C$36:$C$50,MATCH(PROPER(TRIM(Raw_Data!D6)),Reference_Lists!$B$36:$B$50,0)),"UNMATCHED") -> Deir al-Balah | E6: =IF(Raw_Data!E6="","",Raw_Data!E6) -> Shelter | F6: =IF(Raw_Data!F6="","",Raw_Data!F6) -> Suggestion | G6: =IF(Raw_Data!G6="","",Raw_Data!G6) -> Non-Sensitive | H6: =IFERROR(INDEX(Reference_Lists!$C$51:$C$57,MATCH(PROPER(TRIM(Raw_Data!H6)),Reference_Lists!$B$51:$B$57,0)),"UNMATCHED") -> Female | I6: =IF(Raw_Data!I6="","",Raw_Data!I6) -> 45-59 | J6: =IFERROR(INDEX(Reference_Lists!$C$58:$C$65,MATCH(PROPER(TRIM(Raw_Data!J6)),Reference_Lists!$B$58:$B$65,0)),"UNMATCHED") -> Closed | K6: =IF(Raw_Data!K6="","",IF(ISTEXT(Raw_Data!K6),IFERROR(DATE(VALUE(RIGHT(TRIM(Raw_Data!K6),4)),VALUE(MID(TRIM(Raw_Data!K6),4,2)),VALUE(LEFT(TRIM(Raw_Data!K6),2))),"CHECK"),Raw_Data!K6)) -> 46140 | L6: =IF(Raw_Data!L6="","",Raw_Data!L6) -> Requesting information about the criteria for shelter repair kits. | M6: =IF(OR(B6="",K6=""),"",IFERROR(K6-B6,"CHECK")) -> 3 | N6: =IFERROR(INDEX(Reference_Lists!$H$13:$H$14,MATCH(G6,Reference_Lists!$G$13:$G$14,0)),"UNMATCHED") -> 15 | O6: =IF(AND(J6="Closed",ISNUMBER(M6),ISNUMBER(N6),M6>=0),M6<=N6,"NOT ASSESSED") -> TRUE | P6: =Raw_Data!A6 -> CFM-2026-0041 | Q6: =IFERROR(IF(OR($A6="",$P6=""),"MISSING ID",IF(EXACT($A6,$P6),"ALIGNED","MISMATCH")),"CHECK") -> ALIGNED
A7: CFM-2026-0198 | B7: =IF(Raw_Data!B7="","",IF(ISTEXT(Raw_Data!B7),IFERROR(DATE(VALUE(RIGHT(TRIM(Raw_Data!B7),4)),VALUE(MID(TRIM(Raw_Data!B7),4,2)),VALUE(LEFT(TRIM(Raw_Data!B7),2))),"CHECK"),Raw_Data!B7)) -> 46223 | C7: =IFERROR(INDEX(Reference_Lists!$C$23:$C$35,MATCH(PROPER(TRIM(Raw_Data!C7)),Reference_Lists!$B$23:$B$35,0)),"UNMATCHED") -> In-Person at Distribution | D7: =IFERROR(INDEX(Reference_Lists!$C$36:$C$50,MATCH(PROPER(TRIM(Raw_Data!D7)),Reference_Lists!$B$36:$B$50,0)),"UNMATCHED") -> Nuseirat | E7: =IF(Raw_Data!E7="","",Raw_Data!E7) -> Shelter | F7: =IF(Raw_Data!F7="","",Raw_Data!F7) -> Appreciation | G7: =IF(Raw_Data!G7="","",Raw_Data!G7) -> Non-Sensitive | H7: =IFERROR(INDEX(Reference_Lists!$C$51:$C$57,MATCH(PROPER(TRIM(Raw_Data!H7)),Reference_Lists!$B$51:$B$57,0)),"UNMATCHED") -> Male | I7: =IF(Raw_Data!I7="","",Raw_Data!I7) -> 30-44 | J7: =IFERROR(INDEX(Reference_Lists!$C$58:$C$65,MATCH(PROPER(TRIM(Raw_Data!J7)),Reference_Lists!$B$58:$B$65,0)),"UNMATCHED") -> Closed | K7: =IF(Raw_Data!K7="","",IF(ISTEXT(Raw_Data!K7),IFERROR(DATE(VALUE(RIGHT(TRIM(Raw_Data!K7),4)),VALUE(MID(TRIM(Raw_Data!K7),4,2)),VALUE(LEFT(TRIM(Raw_Data!K7),2))),"CHECK"),Raw_Data!K7)) -> 46248 | L7: =IF(Raw_Data!L7="","",Raw_Data!L7) -> Requesting information about the criteria for shelter repair kits. | M7: =IF(OR(B7="",K7=""),"",IFERROR(K7-B7,"CHECK")) -> 25 | N7: =IFERROR(INDEX(Reference_Lists!$H$13:$H$14,MATCH(G7,Reference_Lists!$G$13:$G$14,0)),"UNMATCHED") -> 15 | O7: =IF(AND(J7="Closed",ISNUMBER(M7),ISNUMBER(N7),M7>=0),M7<=N7,"NOT ASSESSED") -> FALSE | P7: =Raw_Data!A7 -> CFM-2026-0198 | Q7: =IFERROR(IF(OR($A7="",$P7=""),"MISSING ID",IF(EXACT($A7,$P7),"ALIGNED","MISMATCH")),"CHECK") -> ALIGNED
A8: CFM-2026-0459 | B8: =IF(Raw_Data!B8="","",IF(ISTEXT(Raw_Data!B8),IFERROR(DATE(VALUE(RIGHT(TRIM(Raw_Data!B8),4)),VALUE(MID(TRIM(Raw_Data!B8),4,2)),VALUE(LEFT(TRIM(Raw_Data!B8),2))),"CHECK"),Raw_Data!B8)) -> 46082 | C8: =IFERROR(INDEX(Reference_Lists!$C$23:$C$35,MATCH(PROPER(TRIM(Raw_Data!C8)),Reference_Lists!$B$23:$B$35,0)),"UNMATCHED") -> Phone Hotline | D8: =IFERROR(INDEX(Reference_Lists!$C$36:$C$50,MATCH(PROPER(TRIM(Raw_Data!D8)),Reference_Lists!$B$36:$B$50,0)),"UNMATCHED") -> Deir al-Balah | E8: =IF(Raw_Data!E8="","",Raw_Data!E8) -> WASH | F8: =IF(Raw_Data!F8="","",Raw_Data!F8) -> Complaint | G8: =IF(Raw_Data!G8="","",Raw_Data!G8) -> Non-Sensitive | H8: =IFERROR(INDEX(Reference_Lists!$C$51:$C$57,MATCH(PROPER(TRIM(Raw_Data!H8)),Reference_Lists!$B$51:$B$57,0)),"UNMATCHED") -> Female | I8: =IF(Raw_Data!I8="","",Raw_Data!I8) -> 18-29 | J8: =IFERROR(INDEX(Reference_Lists!$C$58:$C$65,MATCH(PROPER(TRIM(Raw_Data!J8)),Reference_Lists!$B$58:$B$65,0)),"UNMATCHED") -> Closed | K8: =IF(Raw_Data!K8="","",IF(ISTEXT(Raw_Data!K8),IFERROR(DATE(VALUE(RIGHT(TRIM(Raw_Data!K8),4)),VALUE(MID(TRIM(Raw_Data!K8),4,2)),VALUE(LEFT(TRIM(Raw_Data!K8),2))),"CHECK"),Raw_Data!K8)) -> 46087 | L8: =IF(Raw_Data!L8="","",Raw_Data!L8) -> Requesting additional jerrycans for a shared shelter of four families. | M8: =IF(OR(B8="",K8=""),"",IFERROR(K8-B8,"CHECK")) -> 5 | N8: =IFERROR(INDEX(Reference_Lists!$H$13:$H$14,MATCH(G8,Reference_Lists!$G$13:$G$14,0)),"UNMATCHED") -> 15 | O8: =IF(AND(J8="Closed",ISNUMBER(M8),ISNUMBER(N8),M8>=0),M8<=N8,"NOT ASSESSED") -> TRUE | P8: =Raw_Data!A8 -> CFM-2026-0459 | Q8: =IFERROR(IF(OR($A8="",$P8=""),"MISSING ID",IF(EXACT($A8,$P8),"ALIGNED","MISMATCH")),"CHECK") -> ALIGNED
A9: CFM-2026-0488 | B9: =IF(Raw_Data!B9="","",IF(ISTEXT(Raw_Data!B9),IFERROR(DATE(VALUE(RIGHT(TRIM(Raw_Data!B9),4)),VALUE(MID(TRIM(Raw_Data!B9),4,2)),VALUE(LEFT(TRIM(Raw_Data!B9),2))),"CHECK"),Raw_Data!B9)) -> 46196 | C9: =IFERROR(INDEX(Reference_Lists!$C$23:$C$35,MATCH(PROPER(TRIM(Raw_Data!C9)),Reference_Lists!$B$23:$B$35,0)),"UNMATCHED") -> Community Focal Point | D9: =IFERROR(INDEX(Reference_Lists!$C$36:$C$50,MATCH(PROPER(TRIM(Raw_Data!D9)),Reference_Lists!$B$36:$B$50,0)),"UNMATCHED") -> Gaza City | E9: =IF(Raw_Data!E9="","",Raw_Data!E9) -> Health | F9: =IF(Raw_Data!F9="","",Raw_Data!F9) -> Complaint | G9: =IF(Raw_Data!G9="","",Raw_Data!G9) -> Non-Sensitive | H9: =IFERROR(INDEX(Reference_Lists!$C$51:$C$57,MATCH(PROPER(TRIM(Raw_Data!H9)),Reference_Lists!$B$51:$B$57,0)),"UNMATCHED") -> Female | I9: =IF(Raw_Data!I9="","",Raw_Data!I9) -> 45-59 | J9: =IFERROR(INDEX(Reference_Lists!$C$58:$C$65,MATCH(PROPER(TRIM(Raw_Data!J9)),Reference_Lists!$B$58:$B$65,0)),"UNMATCHED") -> Open | K9: =IF(Raw_Data!K9="","",IF(ISTEXT(Raw_Data!K9),IFERROR(DATE(VALUE(RIGHT(TRIM(Raw_Data!K9),4)),VALUE(MID(TRIM(Raw_Data!K9),4,2)),VALUE(LEFT(TRIM(Raw_Data!K9),2))),"CHECK"),Raw_Data!K9)) | L9: =IF(Raw_Data!L9="","",Raw_Data!L9) -> Requesting a referral pathway for a family member with limited mobility. | M9: =IF(OR(B9="",K9=""),"",IFERROR(K9-B9,"CHECK")) | N9: =IFERROR(INDEX(Reference_Lists!$H$13:$H$14,MATCH(G9,Reference_Lists!$G$13:$G$14,0)),"UNMATCHED") -> 15 | O9: =IF(AND(J9="Closed",ISNUMBER(M9),ISNUMBER(N9),M9>=0),M9<=N9,"NOT ASSESSED") -> NOT ASSESSED | P9: =Raw_Data!A9 -> CFM-2026-0488 | Q9: =IFERROR(IF(OR($A9="",$P9=""),"MISSING ID",IF(EXACT($A9,$P9),"ALIGNED","MISMATCH")),"CHECK") -> ALIGNED
A10: CFM-2026-0414 | B10: =IF(Raw_Data!B10="","",IF(ISTEXT(Raw_Data!B10),IFERROR(DATE(VALUE(RIGHT(TRIM(Raw_Data!B10),4)),VALUE(MID(TRIM(Raw_Data!B10),4,2)),VALUE(LEFT(TRIM(Raw_Data!B10),2))),"CHECK"),Raw_Data!B10)) -> 46215 | C10: =IFERROR(INDEX(Reference_Lists!$C$23:$C$35,MATCH(PROPER(TRIM(Raw_Data!C10)),Reference_Lists!$B$23:$B$35,0)),"UNMATCHED") -> Help Desk | D10: =IFERROR(INDEX(Reference_Lists!$C$36:$C$50,MATCH(PROPER(TRIM(Raw_Data!D10)),Reference_Lists!$B$36:$B$50,0)),"UNMATCHED") -> Gaza City | E10: =IF(Raw_Data!E10="","",Raw_Data!E10) -> Food Security | F10: =IF(Raw_Data!F10="","",Raw_Data!F10) -> Complaint | G10: =IF(Raw_Data!G10="","",Raw_Data!G10) -> Non-Sensitive | H10: =IFERROR(INDEX(Reference_Lists!$C$51:$C$57,MATCH(PROPER(TRIM(Raw_Data!H10)),Reference_Lists!$B$51:$B$57,0)),"UNMATCHED") -> Male | I10: =IF(Raw_Data!I10="","",Raw_Data!I10) -> 45-59 | J10: =IFERROR(INDEX(Reference_Lists!$C$58:$C$65,MATCH(PROPER(TRIM(Raw_Data!J10)),Reference_Lists!$B$58:$B$65,0)),"UNMATCHED") -> Closed | K10: =IF(Raw_Data!K10="","",IF(ISTEXT(Raw_Data!K10),IFERROR(DATE(VALUE(RIGHT(TRIM(Raw_Data!K10),4)),VALUE(MID(TRIM(Raw_Data!K10),4,2)),VALUE(LEFT(TRIM(Raw_Data!K10),2))),"CHECK"),Raw_Data!K10)) -> 46227 | L10: =IF(Raw_Data!L10="","",Raw_Data!L10) -> Asking how the beneficiary list for the next round is prepared. | M10: =IF(OR(B10="",K10=""),"",IFERROR(K10-B10,"CHECK")) -> 12 | N10: =IFERROR(INDEX(Reference_Lists!$H$13:$H$14,MATCH(G10,Reference_Lists!$G$13:$G$14,0)),"UNMATCHED") -> 15 | O10: =IF(AND(J10="Closed",ISNUMBER(M10),ISNUMBER(N10),M10>=0),M10<=N10,"NOT ASSESSED") -> TRUE | P10: =Raw_Data!A10 -> CFM-2026-0414 | Q10: =IFERROR(IF(OR($A10="",$P10=""),"MISSING ID",IF(EXACT($A10,$P10),"ALIGNED","MISMATCH")),"CHECK") -> ALIGNED
A11: CFM-2026-0075 | B11: =IF(Raw_Data!B11="","",IF(ISTEXT(Raw_Data!B11),IFERROR(DATE(VALUE(RIGHT(TRIM(Raw_Data!B11),4)),VALUE(MID(TRIM(Raw_Data!B11),4,2)),VALUE(LEFT(TRIM(Raw_Data!B11),2))),"CHECK"),Raw_Data!B11)) -> 46137 | C11: =IFERROR(INDEX(Reference_Lists!$C$23:$C$35,MATCH(PROPER(TRIM(Raw_Data!C11)),Reference_Lists!$B$23:$B$35,0)),"UNMATCHED") -> Suggestion Box | D11: =IFERROR(INDEX(Reference_Lists!$C$36:$C$50,MATCH(PROPER(TRIM(Raw_Data!D11)),Reference_Lists!$B$36:$B$50,0)),"UNMATCHED") -> Deir al-Balah | E11: =IF(Raw_Data!E11="","",Raw_Data!E11) -> Nutrition | F11: =IF(Raw_Data!F11="","",Raw_Data!F11) -> Request for Information | G11: =IF(Raw_Data!G11="","",Raw_Data!G11) -> Non-Sensitive | H11: =IFERROR(INDEX(Reference_Lists!$C$51:$C$57,MATCH(PROPER(TRIM(Raw_Data!H11)),Reference_Lists!$B$51:$B$57,0)),"UNMATCHED") -> Female | I11: =IF(Raw_Data!I11="","",Raw_Data!I11) -> 30-44 | J11: =IFERROR(INDEX(Reference_Lists!$C$58:$C$65,MATCH(PROPER(TRIM(Raw_Data!J11)),Reference_Lists!$B$58:$B$65,0)),"UNMATCHED") -> Closed | K11: =IF(Raw_Data!K11="","",IF(ISTEXT(Raw_Data!K11),IFERROR(DATE(VALUE(RIGHT(TRIM(Raw_Data!K11),4)),VALUE(MID(TRIM(Raw_Data!K11),4,2)),VALUE(LEFT(TRIM(Raw_Data!K11),2))),"CHECK"),Raw_Data!K11)) -> 46140 | L11: =IF(Raw_Data!L11="","",Raw_Data!L11) -> Requesting a screening session closer to the northern shelter. | M11: =IF(OR(B11="",K11=""),"",IFERROR(K11-B11,"CHECK")) -> 3 | N11: =IFERROR(INDEX(Reference_Lists!$H$13:$H$14,MATCH(G11,Reference_Lists!$G$13:$G$14,0)),"UNMATCHED") -> 15 | O11: =IF(AND(J11="Closed",ISNUMBER(M11),ISNUMBER(N11),M11>=0),M11<=N11,"NOT ASSESSED") -> TRUE | P11: =Raw_Data!A11 -> CFM-2026-0075 | Q11: =IFERROR(IF(OR($A11="",$P11=""),"MISSING ID",IF(EXACT($A11,$P11),"ALIGNED","MISMATCH")),"CHECK") -> ALIGNED
A12: CFM-2026-0340 | B12: =IF(Raw_Data!B12="","",IF(ISTEXT(Raw_Data!B12),IFERROR(DATE(VALUE(RIGHT(TRIM(Raw_Data!B12),4)),VALUE(MID(TRIM(Raw_Data!B12),4,2)),VALUE(LEFT(TRIM(Raw_Data!B12),2))),"CHECK"),Raw_Data!B12)) -> 46143 | C12: =IFERROR(INDEX(Reference_Lists!$C$23:$C$35,MATCH(PROPER(TRIM(Raw_Data!C12)),Reference_Lists!$B$23:$B$35,0)),"UNMATCHED") -> Community Focal Point | D12: =IFERROR(INDEX(Reference_Lists!$C$36:$C$50,MATCH(PROPER(TRIM(Raw_Data!D12)),Reference_Lists!$B$36:$B$50,0)),"UNMATCHED") -> Jabalia | E12: =IF(Raw_Data!E12="","",Raw_Data!E12) -> Health | F12: =IF(Raw_Data!F12="","",Raw_Data!F12) -> Complaint | G12: =IF(Raw_Data!G12="","",Raw_Data!G12) -> Non-Sensitive | H12: =IFERROR(INDEX(Reference_Lists!$C$51:$C$57,MATCH(PROPER(TRIM(Raw_Data!H12)),Reference_Lists!$B$51:$B$57,0)),"UNMATCHED") -> Female | I12: =IF(Raw_Data!I12="","",Raw_Data!I12) -> 18-29 | J12: =IFERROR(INDEX(Reference_Lists!$C$58:$C$65,MATCH(PROPER(TRIM(Raw_Data!J12)),Reference_Lists!$B$58:$B$65,0)),"UNMATCHED") -> Closed | K12: =IF(Raw_Data!K12="","",IF(ISTEXT(Raw_Data!K12),IFERROR(DATE(VALUE(RIGHT(TRIM(Raw_Data!K12),4)),VALUE(MID(TRIM(Raw_Data!K12),4,2)),VALUE(LEFT(TRIM(Raw_Data!K12),2))),"CHECK"),Raw_Data!K12)) -> 46160 | L12: =IF(Raw_Data!L12="","",Raw_Data!L12) -> Waiting time at the mobile clinic is long during afternoon hours. | M12: =IF(OR(B12="",K12=""),"",IFERROR(K12-B12,"CHECK")) -> 17 | N12: =IFERROR(INDEX(Reference_Lists!$H$13:$H$14,MATCH(G12,Reference_Lists!$G$13:$G$14,0)),"UNMATCHED") -> 15 | O12: =IF(AND(J12="Closed",ISNUMBER(M12),ISNUMBER(N12),M12>=0),M12<=N12,"NOT ASSESSED") -> FALSE | P12: =Raw_Data!A12 -> CFM-2026-0340 | Q12: =IFERROR(IF(OR($A12="",$P12=""),"MISSING ID",IF(EXACT($A12,$P12),"ALIGNED","MISMATCH")),"CHECK") -> ALIGNED
A13: CFM-2026-0407 | B13: =IF(Raw_Data!B13="","",IF(ISTEXT(Raw_Data!B13),IFERROR(DATE(VALUE(RIGHT(TRIM(Raw_Data!B13),4)),VALUE(MID(TRIM(Raw_Data!B13),4,2)),VALUE(LEFT(TRIM(Raw_Data!B13),2))),"CHECK"),Raw_Data!B13)) -> 46200 | C13: =IFERROR(INDEX(Reference_Lists!$C$23:$C$35,MATCH(PROPER(TRIM(Raw_Data!C13)),Reference_Lists!$B$23:$B$35,0)),"UNMATCHED") -> Suggestion Box | D13: =IFERROR(INDEX(Reference_Lists!$C$36:$C$50,MATCH(PROPER(TRIM(Raw_Data!D13)),Reference_Lists!$B$36:$B$50,0)),"UNMATCHED") -> Nuseirat | E13: =IF(Raw_Data!E13="","",Raw_Data!E13) -> Nutrition | F13: =IF(Raw_Data!F13="","",Raw_Data!F13) -> Complaint | G13: =IF(Raw_Data!G13="","",Raw_Data!G13) -> Non-Sensitive | H13: =IFERROR(INDEX(Reference_Lists!$C$51:$C$57,MATCH(PROPER(TRIM(Raw_Data!H13)),Reference_Lists!$B$51:$B$57,0)),"UNMATCHED") -> Male | I13: =IF(Raw_Data!I13="","",Raw_Data!I13) | J13: =IFERROR(INDEX(Reference_Lists!$C$58:$C$65,MATCH(PROPER(TRIM(Raw_Data!J13)),Reference_Lists!$B$58:$B$65,0)),"UNMATCHED") -> Closed | K13: =IF(Raw_Data!K13="","",IF(ISTEXT(Raw_Data!K13),IFERROR(DATE(VALUE(RIGHT(TRIM(Raw_Data!K13),4)),VALUE(MID(TRIM(Raw_Data!K13),4,2)),VALUE(LEFT(TRIM(Raw_Data!K13),2))),"CHECK"),Raw_Data!K13)) -> 46224 | L13: =IF(Raw_Data!L13="","",Raw_Data!L13) -> Requesting a screening session closer to the northern shelter. | M13: =IF(OR(B13="",K13=""),"",IFERROR(K13-B13,"CHECK")) -> 24 | N13: =IFERROR(INDEX(Reference_Lists!$H$13:$H$14,MATCH(G13,Reference_Lists!$G$13:$G$14,0)),"UNMATCHED") -> 15 | O13: =IF(AND(J13="Closed",ISNUMBER(M13),ISNUMBER(N13),M13>=0),M13<=N13,"NOT ASSESSED") -> FALSE | P13: =Raw_Data!A13 -> CFM-2026-0407 | Q13: =IFERROR(IF(OR($A13="",$P13=""),"MISSING ID",IF(EXACT($A13,$P13),"ALIGNED","MISMATCH")),"CHECK") -> ALIGNED
... A141: CFM-2026-0225 | B141: =IF(Raw_Data!B141="","",IF(ISTEXT(Raw_Data!B141),IFERROR(DATE(VALUE(RIGHT(TRIM(Raw_Data!B141),4)),VALUE(MID(TRIM(Raw_Data!B141),4,2)),VALUE(LEFT(TRIM(Raw_Data!B141),2))),"CHECK"),Raw_Data!B141)) -> 46163 | C141: =IFERROR(INDEX(Reference_Lists!$C$23:$C$35,MATCH(PROPER(TRIM(Raw_Data!C141)),Reference_Lists!$B$23:$B$35,0)),"UNMATCHED") -> Suggestion Box | D141: =IFERROR(INDEX(Reference_Lists!$C$36:$C$50,MATCH(PROPER(TRIM(Raw_Data!D141)),Reference_Lists!$B$36:$B$50,0)),"UNMATCHED") -> Jabalia | E141: =IF(Raw_Data!E141="","",Raw_Data!E141) -> Health | F141: =IF(Raw_Data!F141="","",Raw_Data!F141) -> Complaint | G141: =IF(Raw_Data!G141="","",Raw_Data!G141) -> Non-Sensitive | H141: =IFERROR(INDEX(Reference_Lists!$C$51:$C$57,MATCH(PROPER(TRIM(Raw_Data!H141)),Reference_Lists!$B$51:$B$57,0)),"UNMATCHED") -> Female | I141: =IF(Raw_Data!I141="","",Raw_Data!I141) | J141: =IFERROR(INDEX(Reference_Lists!$C$58:$C$65,MATCH(PROPER(TRIM(Raw_Data!J141)),Reference_Lists!$B$58:$B$65,0)),"UNMATCHED") -> Closed | K141: =IF(Raw_Data!K141="","",IF(ISTEXT(Raw_Data!K141),IFERROR(DATE(VALUE(RIGHT(TRIM(Raw_Data!K141),4)),VALUE(MID(TRIM(Raw_Data!K141),4,2)),VALUE(LEFT(TRIM(Raw_Data!K141),2))),"CHECK"),Raw_Data!K141)) -> 46181 | L141: =IF(Raw_Data!L141="","",Raw_Data!L141) -> Clinic opening hours are not clear to the community. | M141: =IF(OR(B141="",K141=""),"",IFERROR(K141-B141,"CHECK")) -> 18 | N141: =IFERROR(INDEX(Reference_Lists!$H$13:$H$14,MATCH(G141,Reference_Lists!$G$13:$G$14,0)),"UNMATCHED") -> 15 | O141: =IF(AND(J141="Closed",ISNUMBER(M141),ISNUMBER(N141),M141>=0),M141<=N141,"NOT ASSESSED") -> FALSE | P141: =Raw_Data!A141 -> CFM-2026-0225 | Q141: =IFERROR(IF(OR($A141="",$P141=""),"MISSING ID",IF(EXACT($A141,$P141),"ALIGNED","MISMATCH")),"CHECK") -> ALIGNED
A142: CFM-2026-0104 | B142: =IF(Raw_Data!B143="","",IF(ISTEXT(Raw_Data!B143),IFERROR(DATE(VALUE(RIGHT(TRIM(Raw_Data!B143),4)),VALUE(MID(TRIM(Raw_Data!B143),4,2)),VALUE(LEFT(TRIM(Raw_Data!B143),2))),"CHECK"),Raw_Data!B143)) -> 46099 | C142: =IFERROR(INDEX(Reference_Lists!$C$23:$C$35,MATCH(PROPER(TRIM(Raw_Data!C143)),Reference_Lists!$B$23:$B$35,0)),"UNMATCHED") -> Help Desk | D142: =IFERROR(INDEX(Reference_Lists!$C$36:$C$50,MATCH(PROPER(TRIM(Raw_Data!D143)),Reference_Lists!$B$36:$B$50,0)),"UNMATCHED") -> Deir al-Balah | E142: =IF(Raw_Data!E143="","",Raw_Data!E143) -> Nutrition | F142: =IF(Raw_Data!F143="","",Raw_Data!F143) -> Suggestion | G142: =IF(Raw_Data!G143="","",Raw_Data!G143) -> Non-Sensitive | H142: =IFERROR(INDEX(Reference_Lists!$C$51:$C$57,MATCH(PROPER(TRIM(Raw_Data!H143)),Reference_Lists!$B$51:$B$57,0)),"UNMATCHED") -> Male | I142: =IF(Raw_Data!I143="","",Raw_Data!I143) -> 30-44 | J142: =IFERROR(INDEX(Reference_Lists!$C$58:$C$65,MATCH(PROPER(TRIM(Raw_Data!J143)),Reference_Lists!$B$58:$B$65,0)),"UNMATCHED") -> Open | K142: =IF(Raw_Data!K143="","",IF(ISTEXT(Raw_Data!K143),IFERROR(DATE(VALUE(RIGHT(TRIM(Raw_Data!K143),4)),VALUE(MID(TRIM(Raw_Data!K143),4,2)),VALUE(LEFT(TRIM(Raw_Data!K143),2))),"CHECK"),Raw_Data!K143)) | L142: =IF(Raw_Data!L143="","",Raw_Data!L143) -> Asking whether children above five are included in the screening. | M142: =IF(OR(B142="",K142=""),"",IFERROR(K142-B142,"CHECK")) | N142: =IFERROR(INDEX(Reference_Lists!$H$13:$H$14,MATCH(G142,Reference_Lists!$G$13:$G$14,0)),"UNMATCHED") -> 15 | O142: =IF(AND(J142="Closed",ISNUMBER(M142),ISNUMBER(N142),M142>=0),M142<=N142,"NOT ASSESSED") -> NOT ASSESSED | P142: =Raw_Data!A143 -> CFM-2026-0104 | Q142: =IFERROR(IF(OR($A142="",$P142=""),"MISSING ID",IF(EXACT($A142,$P142),"ALIGNED","MISMATCH")),"CHECK") -> ALIGNED
A143: CFM-2026-0145 | B143: =IF(Raw_Data!B144="","",IF(ISTEXT(Raw_Data!B144),IFERROR(DATE(VALUE(RIGHT(TRIM(Raw_Data!B144),4)),VALUE(MID(TRIM(Raw_Data!B144),4,2)),VALUE(LEFT(TRIM(Raw_Data!B144),2))),"CHECK"),Raw_Data!B144)) -> 46085 | C143: =IFERROR(INDEX(Reference_Lists!$C$23:$C$35,MATCH(PROPER(TRIM(Raw_Data!C144)),Reference_Lists!$B$23:$B$35,0)),"UNMATCHED") -> In-Person at Distribution | D143: =IFERROR(INDEX(Reference_Lists!$C$36:$C$50,MATCH(PROPER(TRIM(Raw_Data!D144)),Reference_Lists!$B$36:$B$50,0)),"UNMATCHED") -> Nuseirat | E143: =IF(Raw_Data!E144="","",Raw_Data!E144) -> Food Security | F143: =IF(Raw_Data!F144="","",Raw_Data!F144) -> Complaint | G143: =IF(Raw_Data!G144="","",Raw_Data!G144) -> Non-Sensitive | H143: =IFERROR(INDEX(Reference_Lists!$C$51:$C$57,MATCH(PROPER(TRIM(Raw_Data!H144)),Reference_Lists!$B$51:$B$57,0)),"UNMATCHED") -> Male | I143: =IF(Raw_Data!I144="","",Raw_Data!I144) | J143: =IFERROR(INDEX(Reference_Lists!$C$58:$C$65,MATCH(PROPER(TRIM(Raw_Data!J144)),Reference_Lists!$B$58:$B$65,0)),"UNMATCHED") -> Closed | K143: =IF(Raw_Data!K144="","",IF(ISTEXT(Raw_Data!K144),IFERROR(DATE(VALUE(RIGHT(TRIM(Raw_Data!K144),4)),VALUE(MID(TRIM(Raw_Data!K144),4,2)),VALUE(LEFT(TRIM(Raw_Data!K144),2))),"CHECK"),Raw_Data!K144)) -> 46095 | L143: =IF(Raw_Data!L144="","",Raw_Data!L144) -> Food parcel contents did not match the announced list. | M143: =IF(OR(B143="",K143=""),"",IFERROR(K143-B143,"CHECK")) -> 10 | N143: =IFERROR(INDEX(Reference_Lists!$H$13:$H$14,MATCH(G143,Reference_Lists!$G$13:$G$14,0)),"UNMATCHED") -> 15 | O143: =IF(AND(J143="Closed",ISNUMBER(M143),ISNUMBER(N143),M143>=0),M143<=N143,"NOT ASSESSED") -> TRUE | P143: =Raw_Data!A144 -> CFM-2026-0145 | Q143: =IFERROR(IF(OR($A143="",$P143=""),"MISSING ID",IF(EXACT($A143,$P143),"ALIGNED","MISMATCH")),"CHECK") -> ALIGNED
A144: CFM-2026-0453 | B144: =IF(Raw_Data!B145="","",IF(ISTEXT(Raw_Data!B145),IFERROR(DATE(VALUE(RIGHT(TRIM(Raw_Data!B145),4)),VALUE(MID(TRIM(Raw_Data!B145),4,2)),VALUE(LEFT(TRIM(Raw_Data!B145),2))),"CHECK"),Raw_Data!B145)) -> 46055 | C144: =IFERROR(INDEX(Reference_Lists!$C$23:$C$35,MATCH(PROPER(TRIM(Raw_Data!C145)),Reference_Lists!$B$23:$B$35,0)),"UNMATCHED") -> In-Person at Distribution | D144: =IFERROR(INDEX(Reference_Lists!$C$36:$C$50,MATCH(PROPER(TRIM(Raw_Data!D145)),Reference_Lists!$B$36:$B$50,0)),"UNMATCHED") -> Gaza City | E144: =IF(Raw_Data!E145="","",Raw_Data!E145) -> Health | F144: =IF(Raw_Data!F145="","",Raw_Data!F145) -> Suggestion | G144: =IF(Raw_Data!G145="","",Raw_Data!G145) -> Non-Sensitive | H144: =IFERROR(INDEX(Reference_Lists!$C$51:$C$57,MATCH(PROPER(TRIM(Raw_Data!H145)),Reference_Lists!$B$51:$B$57,0)),"UNMATCHED") -> Male | I144: =IF(Raw_Data!I145="","",Raw_Data!I145) -> 45-59 | J144: =IFERROR(INDEX(Reference_Lists!$C$58:$C$65,MATCH(PROPER(TRIM(Raw_Data!J145)),Reference_Lists!$B$58:$B$65,0)),"UNMATCHED") -> Closed | K144: =IF(Raw_Data!K145="","",IF(ISTEXT(Raw_Data!K145),IFERROR(DATE(VALUE(RIGHT(TRIM(Raw_Data!K145),4)),VALUE(MID(TRIM(Raw_Data!K145),4,2)),VALUE(LEFT(TRIM(Raw_Data!K145),2))),"CHECK"),Raw_Data!K145)) -> 46060 | L144: =IF(Raw_Data!L145="","",Raw_Data!L145) -> Waiting time at the mobile clinic is long during afternoon hours. | M144: =IF(OR(B144="",K144=""),"",IFERROR(K144-B144,"CHECK")) -> 5 | N144: =IFERROR(INDEX(Reference_Lists!$H$13:$H$14,MATCH(G144,Reference_Lists!$G$13:$G$14,0)),"UNMATCHED") -> 15 | O144: =IF(AND(J144="Closed",ISNUMBER(M144),ISNUMBER(N144),M144>=0),M144<=N144,"NOT ASSESSED") -> TRUE | P144: =Raw_Data!A145 -> CFM-2026-0453 | Q144: =IFERROR(IF(OR($A144="",$P144=""),"MISSING ID",IF(EXACT($A144,$P144),"ALIGNED","MISMATCH")),"CHECK") -> ALIGNED
A145: CFM-2026-0478 | B145: =IF(Raw_Data!B146="","",IF(ISTEXT(Raw_Data!B146),IFERROR(DATE(VALUE(RIGHT(TRIM(Raw_Data!B146),4)),VALUE(MID(TRIM(Raw_Data!B146),4,2)),VALUE(LEFT(TRIM(Raw_Data!B146),2))),"CHECK"),Raw_Data!B146)) -> 46198 | C145: =IFERROR(INDEX(Reference_Lists!$C$23:$C$35,MATCH(PROPER(TRIM(Raw_Data!C146)),Reference_Lists!$B$23:$B$35,0)),"UNMATCHED") -> Help Desk | D145: =IFERROR(INDEX(Reference_Lists!$C$36:$C$50,MATCH(PROPER(TRIM(Raw_Data!D146)),Reference_Lists!$B$36:$B$50,0)),"UNMATCHED") -> Jabalia | E145: =IF(Raw_Data!E146="","",Raw_Data!E146) -> Nutrition | F145: =IF(Raw_Data!F146="","",Raw_Data!F146) -> Suggestion | G145: =IF(Raw_Data!G146="","",Raw_Data!G146) | H145: =IFERROR(INDEX(Reference_Lists!$C$51:$C$57,MATCH(PROPER(TRIM(Raw_Data!H146)),Reference_Lists!$B$51:$B$57,0)),"UNMATCHED") -> Male | I145: =IF(Raw_Data!I146="","",Raw_Data!I146) -> 18-29 | J145: =IFERROR(INDEX(Reference_Lists!$C$58:$C$65,MATCH(PROPER(TRIM(Raw_Data!J146)),Reference_Lists!$B$58:$B$65,0)),"UNMATCHED") -> Closed | K145: =IF(Raw_Data!K146="","",IF(ISTEXT(Raw_Data!K146),IFERROR(DATE(VALUE(RIGHT(TRIM(Raw_Data!K146),4)),VALUE(MID(TRIM(Raw_Data!K146),4,2)),VALUE(LEFT(TRIM(Raw_Data!K146),2))),"CHECK"),Raw_Data!K146)) -> 46199 | L145: =IF(Raw_Data!L146="","",Raw_Data!L146) -> Asking whether children above five are included in the screening. | M145: =IF(OR(B145="",K145=""),"",IFERROR(K145-B145,"CHECK")) -> 1 | N145: =IFERROR(INDEX(Reference_Lists!$H$13:$H$14,MATCH(G145,Reference_Lists!$G$13:$G$14,0)),"UNMATCHED") -> UNMATCHED | O145: =IF(AND(J145="Closed",ISNUMBER(M145),ISNUMBER(N145),M145>=0),M145<=N145,"NOT ASSESSED") -> NOT ASSESSED | P145: =Raw_Data!A146 -> CFM-2026-0478 | Q145: =IFERROR(IF(OR($A145="",$P145=""),"MISSING ID",IF(EXACT($A145,$P145),"ALIGNED","MISMATCH")),"CHECK") -> ALIGNED
A146: CFM-2026-0361 | B146: =IF(Raw_Data!B147="","",IF(ISTEXT(Raw_Data!B147),IFERROR(DATE(VALUE(RIGHT(TRIM(Raw_Data!B147),4)),VALUE(MID(TRIM(Raw_Data!B147),4,2)),VALUE(LEFT(TRIM(Raw_Data!B147),2))),"CHECK"),Raw_Data!B147)) -> 46221 | C146: =IFERROR(INDEX(Reference_Lists!$C$23:$C$35,MATCH(PROPER(TRIM(Raw_Data!C147)),Reference_Lists!$B$23:$B$35,0)),"UNMATCHED") -> Suggestion Box | D146: =IFERROR(INDEX(Reference_Lists!$C$36:$C$50,MATCH(PROPER(TRIM(Raw_Data!D147)),Reference_Lists!$B$36:$B$50,0)),"UNMATCHED") -> Jabalia | E146: =IF(Raw_Data!E147="","",Raw_Data!E147) -> WASH | F146: =IF(Raw_Data!F147="","",Raw_Data!F147) -> Complaint | G146: =IF(Raw_Data!G147="","",Raw_Data!G147) -> Non-Sensitive | H146: =IFERROR(INDEX(Reference_Lists!$C$51:$C$57,MATCH(PROPER(TRIM(Raw_Data!H147)),Reference_Lists!$B$51:$B$57,0)),"UNMATCHED") -> Female | I146: =IF(Raw_Data!I147="","",Raw_Data!I147) -> 30-44 | J146: =IFERROR(INDEX(Reference_Lists!$C$58:$C$65,MATCH(PROPER(TRIM(Raw_Data!J147)),Reference_Lists!$B$58:$B$65,0)),"UNMATCHED") -> Open | K146: =IF(Raw_Data!K147="","",IF(ISTEXT(Raw_Data!K147),IFERROR(DATE(VALUE(RIGHT(TRIM(Raw_Data!K147),4)),VALUE(MID(TRIM(Raw_Data!K147),4,2)),VALUE(LEFT(TRIM(Raw_Data!K147),2))),"CHECK"),Raw_Data!K147)) | L146: =IF(Raw_Data!L147="","",Raw_Data!L147) -> The queue at the water point is not organised and older people cannot wait. | M146: =IF(OR(B146="",K146=""),"",IFERROR(K146-B146,"CHECK")) | N146: =IFERROR(INDEX(Reference_Lists!$H$13:$H$14,MATCH(G146,Reference_Lists!$G$13:$G$14,0)),"UNMATCHED") -> 15 | O146: =IF(AND(J146="Closed",ISNUMBER(M146),ISNUMBER(N146),M146>=0),M146<=N146,"NOT ASSESSED") -> NOT ASSESSED | P146: =Raw_Data!A147 -> CFM-2026-0361 | Q146: =IFERROR(IF(OR($A146="",$P146=""),"MISSING ID",IF(EXACT($A146,$P146),"ALIGNED","MISMATCH")),"CHECK") -> ALIGNED
A147: CFM-2026-0289 | B147: =IF(Raw_Data!B148="","",IF(ISTEXT(Raw_Data!B148),IFERROR(DATE(VALUE(RIGHT(TRIM(Raw_Data!B148),4)),VALUE(MID(TRIM(Raw_Data!B148),4,2)),VALUE(LEFT(TRIM(Raw_Data!B148),2))),"CHECK"),Raw_Data!B148)) -> 46162 | C147: =IFERROR(INDEX(Reference_Lists!$C$23:$C$35,MATCH(PROPER(TRIM(Raw_Data!C148)),Reference_Lists!$B$23:$B$35,0)),"UNMATCHED") -> Help Desk | D147: =IFERROR(INDEX(Reference_Lists!$C$36:$C$50,MATCH(PROPER(TRIM(Raw_Data!D148)),Reference_Lists!$B$36:$B$50,0)),"UNMATCHED") -> Rafah | E147: =IF(Raw_Data!E148="","",Raw_Data!E148) -> Food Security | F147: =IF(Raw_Data!F148="","",Raw_Data!F148) -> Appreciation | G147: =IF(Raw_Data!G148="","",Raw_Data!G148) -> Non-Sensitive | H147: =IFERROR(INDEX(Reference_Lists!$C$51:$C$57,MATCH(PROPER(TRIM(Raw_Data!H148)),Reference_Lists!$B$51:$B$57,0)),"UNMATCHED") -> Female | I147: =IF(Raw_Data!I148="","",Raw_Data!I148) -> 45-59 | J147: =IFERROR(INDEX(Reference_Lists!$C$58:$C$65,MATCH(PROPER(TRIM(Raw_Data!J148)),Reference_Lists!$B$58:$B$65,0)),"UNMATCHED") -> Open | K147: =IF(Raw_Data!K148="","",IF(ISTEXT(Raw_Data!K148),IFERROR(DATE(VALUE(RIGHT(TRIM(Raw_Data!K148),4)),VALUE(MID(TRIM(Raw_Data!K148),4,2)),VALUE(LEFT(TRIM(Raw_Data!K148),2))),"CHECK"),Raw_Data!K148)) | L147: =IF(Raw_Data!L148="","",Raw_Data!L148) -> Food parcel contents did not match the announced list. | M147: =IF(OR(B147="",K147=""),"",IFERROR(K147-B147,"CHECK")) | N147: =IFERROR(INDEX(Reference_Lists!$H$13:$H$14,MATCH(G147,Reference_Lists!$G$13:$G$14,0)),"UNMATCHED") -> 15 | O147: =IF(AND(J147="Closed",ISNUMBER(M147),ISNUMBER(N147),M147>=0),M147<=N147,"NOT ASSESSED") -> NOT ASSESSED | P147: =Raw_Data!A148 -> CFM-2026-0289 | Q147: =IFERROR(IF(OR($A147="",$P147=""),"MISSING ID",IF(EXACT($A147,$P147),"ALIGNED","MISMATCH")),"CHECK") -> ALIGNED
A148: CFM-2026-0230 | B148: =IF(Raw_Data!B149="","",IF(ISTEXT(Raw_Data!B149),IFERROR(DATE(VALUE(RIGHT(TRIM(Raw_Data!B149),4)),VALUE(MID(TRIM(Raw_Data!B149),4,2)),VALUE(LEFT(TRIM(Raw_Data!B149),2))),"CHECK"),Raw_Data!B149)) -> 46083 | C148: =IFERROR(INDEX(Reference_Lists!$C$23:$C$35,MATCH(PROPER(TRIM(Raw_Data!C149)),Reference_Lists!$B$23:$B$35,0)),"UNMATCHED") -> Help Desk | D148: =IFERROR(INDEX(Reference_Lists!$C$36:$C$50,MATCH(PROPER(TRIM(Raw_Data!D149)),Reference_Lists!$B$36:$B$50,0)),"UNMATCHED") -> Khan Yunis | E148: =IF(Raw_Data!E149="","",Raw_Data!E149) -> Shelter | F148: =IF(Raw_Data!F149="","",Raw_Data!F149) -> Sensitive Complaint | G148: =IF(Raw_Data!G149="","",Raw_Data!G149) -> Sensitive | H148: =IFERROR(INDEX(Reference_Lists!$C$51:$C$57,MATCH(PROPER(TRIM(Raw_Data!H149)),Reference_Lists!$B$51:$B$57,0)),"UNMATCHED") -> Female | I148: =IF(Raw_Data!I149="","",Raw_Data!I149) -> Under 18 | J148: =IFERROR(INDEX(Reference_Lists!$C$58:$C$65,MATCH(PROPER(TRIM(Raw_Data!J149)),Reference_Lists!$B$58:$B$65,0)),"UNMATCHED") -> Closed | K148: =IF(Raw_Data!K149="","",IF(ISTEXT(Raw_Data!K149),IFERROR(DATE(VALUE(RIGHT(TRIM(Raw_Data!K149),4)),VALUE(MID(TRIM(Raw_Data!K149),4,2)),VALUE(LEFT(TRIM(Raw_Data!K149),2))),"CHECK"),Raw_Data!K149)) | L148: =IF(Raw_Data!L149="","",Raw_Data!L149) -> Sensitive case - details recorded separately by the focal point; not stored in this tracker. | M148: =IF(OR(B148="",K148=""),"",IFERROR(K148-B148,"CHECK")) | N148: =IFERROR(INDEX(Reference_Lists!$H$13:$H$14,MATCH(G148,Reference_Lists!$G$13:$G$14,0)),"UNMATCHED") -> 3 | O148: =IF(AND(J148="Closed",ISNUMBER(M148),ISNUMBER(N148),M148>=0),M148<=N148,"NOT ASSESSED") -> NOT ASSESSED | P148: =Raw_Data!A149 -> CFM-2026-0230 | Q148: =IFERROR(IF(OR($A148="",$P148=""),"MISSING ID",IF(EXACT($A148,$P148),"ALIGNED","MISMATCH")),"CHECK") -> ALIGNED
A149: CFM-2026-0370 | B149: =IF(Raw_Data!B151="","",IF(ISTEXT(Raw_Data!B151),IFERROR(DATE(VALUE(RIGHT(TRIM(Raw_Data!B151),4)),VALUE(MID(TRIM(Raw_Data!B151),4,2)),VALUE(LEFT(TRIM(Raw_Data!B151),2))),"CHECK"),Raw_Data!B151)) -> 46126 | C149: =IFERROR(INDEX(Reference_Lists!$C$23:$C$35,MATCH(PROPER(TRIM(Raw_Data!C151)),Reference_Lists!$B$23:$B$35,0)),"UNMATCHED") -> In-Person at Distribution | D149: =IFERROR(INDEX(Reference_Lists!$C$36:$C$50,MATCH(PROPER(TRIM(Raw_Data!D151)),Reference_Lists!$B$36:$B$50,0)),"UNMATCHED") -> Deir al-Balah | E149: =IF(Raw_Data!E151="","",Raw_Data!E151) -> Nutrition | F149: =IF(Raw_Data!F151="","",Raw_Data!F151) -> Complaint | G149: =IF(Raw_Data!G151="","",Raw_Data!G151) -> Non-Sensitive | H149: =IFERROR(INDEX(Reference_Lists!$C$51:$C$57,MATCH(PROPER(TRIM(Raw_Data!H151)),Reference_Lists!$B$51:$B$57,0)),"UNMATCHED") -> Female | I149: =IF(Raw_Data!I151="","",Raw_Data!I151) -> 30-44 | J149: =IFERROR(INDEX(Reference_Lists!$C$58:$C$65,MATCH(PROPER(TRIM(Raw_Data!J151)),Reference_Lists!$B$58:$B$65,0)),"UNMATCHED") -> Open | K149: =IF(Raw_Data!K151="","",IF(ISTEXT(Raw_Data!K151),IFERROR(DATE(VALUE(RIGHT(TRIM(Raw_Data!K151),4)),VALUE(MID(TRIM(Raw_Data!K151),4,2)),VALUE(LEFT(TRIM(Raw_Data!K151),2))),"CHECK"),Raw_Data!K151)) | L149: =IF(Raw_Data!L151="","",Raw_Data!L151) -> Asking whether children above five are included in the screening. | M149: =IF(OR(B149="",K149=""),"",IFERROR(K149-B149,"CHECK")) | N149: =IFERROR(INDEX(Reference_Lists!$H$13:$H$14,MATCH(G149,Reference_Lists!$G$13:$G$14,0)),"UNMATCHED") -> 15 | O149: =IF(AND(J149="Closed",ISNUMBER(M149),ISNUMBER(N149),M149>=0),M149<=N149,"NOT ASSESSED") -> NOT ASSESSED | P149: =Raw_Data!A151 -> CFM-2026-0370 | Q149: =IFERROR(IF(OR($A149="",$P149=""),"MISSING ID",IF(EXACT($A149,$P149),"ALIGNED","MISMATCH")),"CHECK") -> ALIGNED
A150: CFM-2026-0337 | B150: =IF(Raw_Data!B152="","",IF(ISTEXT(Raw_Data!B152),IFERROR(DATE(VALUE(RIGHT(TRIM(Raw_Data!B152),4)),VALUE(MID(TRIM(Raw_Data!B152),4,2)),VALUE(LEFT(TRIM(Raw_Data!B152),2))),"CHECK"),Raw_Data!B152)) -> 46194 | C150: =IFERROR(INDEX(Reference_Lists!$C$23:$C$35,MATCH(PROPER(TRIM(Raw_Data!C152)),Reference_Lists!$B$23:$B$35,0)),"UNMATCHED") -> Phone Hotline | D150: =IFERROR(INDEX(Reference_Lists!$C$36:$C$50,MATCH(PROPER(TRIM(Raw_Data!D152)),Reference_Lists!$B$36:$B$50,0)),"UNMATCHED") -> Nuseirat | E150: =IF(Raw_Data!E152="","",Raw_Data!E152) -> Health | F150: =IF(Raw_Data!F152="","",Raw_Data!F152) -> Suggestion | G150: =IF(Raw_Data!G152="","",Raw_Data!G152) -> Non-Sensitive | H150: =IFERROR(INDEX(Reference_Lists!$C$51:$C$57,MATCH(PROPER(TRIM(Raw_Data!H152)),Reference_Lists!$B$51:$B$57,0)),"UNMATCHED") -> Male | I150: =IF(Raw_Data!I152="","",Raw_Data!I152) -> 45-59 | J150: =IFERROR(INDEX(Reference_Lists!$C$58:$C$65,MATCH(PROPER(TRIM(Raw_Data!J152)),Reference_Lists!$B$58:$B$65,0)),"UNMATCHED") -> Closed | K150: =IF(Raw_Data!K152="","",IF(ISTEXT(Raw_Data!K152),IFERROR(DATE(VALUE(RIGHT(TRIM(Raw_Data!K152),4)),VALUE(MID(TRIM(Raw_Data!K152),4,2)),VALUE(LEFT(TRIM(Raw_Data!K152),2))),"CHECK"),Raw_Data!K152)) -> 46191 | L150: =IF(Raw_Data!L152="","",Raw_Data!L152) -> Waiting time at the mobile clinic is long during afternoon hours. | M150: =IF(OR(B150="",K150=""),"",IFERROR(K150-B150,"CHECK")) -> -3 | N150: =IFERROR(INDEX(Reference_Lists!$H$13:$H$14,MATCH(G150,Reference_Lists!$G$13:$G$14,0)),"UNMATCHED") -> 15 | O150: =IF(AND(J150="Closed",ISNUMBER(M150),ISNUMBER(N150),M150>=0),M150<=N150,"NOT ASSESSED") -> NOT ASSESSED | P150: =Raw_Data!A152 -> CFM-2026-0337 | Q150: =IFERROR(IF(OR($A150="",$P150=""),"MISSING ID",IF(EXACT($A150,$P150),"ALIGNED","MISMATCH")),"CHECK") -> ALIGNED
A151: CFM-2026-0163 | B151: =IF(Raw_Data!B153="","",IF(ISTEXT(Raw_Data!B153),IFERROR(DATE(VALUE(RIGHT(TRIM(Raw_Data!B153),4)),VALUE(MID(TRIM(Raw_Data!B153),4,2)),VALUE(LEFT(TRIM(Raw_Data!B153),2))),"CHECK"),Raw_Data!B153)) -> 46097 | C151: =IFERROR(INDEX(Reference_Lists!$C$23:$C$35,MATCH(PROPER(TRIM(Raw_Data!C153)),Reference_Lists!$B$23:$B$35,0)),"UNMATCHED") -> In-Person at Distribution | D151: =IFERROR(INDEX(Reference_Lists!$C$36:$C$50,MATCH(PROPER(TRIM(Raw_Data!D153)),Reference_Lists!$B$36:$B$50,0)),"UNMATCHED") -> Nuseirat | E151: =IF(Raw_Data!E153="","",Raw_Data!E153) | F151: =IF(Raw_Data!F153="","",Raw_Data!F153) -> Appreciation | G151: =IF(Raw_Data!G153="","",Raw_Data!G153) | H151: =IFERROR(INDEX(Reference_Lists!$C$51:$C$57,MATCH(PROPER(TRIM(Raw_Data!H153)),Reference_Lists!$B$51:$B$57,0)),"UNMATCHED") -> Male | I151: =IF(Raw_Data!I153="","",Raw_Data!I153) -> 45-59 | J151: =IFERROR(INDEX(Reference_Lists!$C$58:$C$65,MATCH(PROPER(TRIM(Raw_Data!J153)),Reference_Lists!$B$58:$B$65,0)),"UNMATCHED") -> Closed | K151: =IF(Raw_Data!K153="","",IF(ISTEXT(Raw_Data!K153),IFERROR(DATE(VALUE(RIGHT(TRIM(Raw_Data!K153),4)),VALUE(MID(TRIM(Raw_Data!K153),4,2)),VALUE(LEFT(TRIM(Raw_Data!K153),2))),"CHECK"),Raw_Data!K153)) -> 46100 | L151: =IF(Raw_Data!L153="","",Raw_Data!L153) -> Waiting time at the mobile clinic is long during afternoon hours. | M151: =IF(OR(B151="",K151=""),"",IFERROR(K151-B151,"CHECK")) -> 3 | N151: =IFERROR(INDEX(Reference_Lists!$H$13:$H$14,MATCH(G151,Reference_Lists!$G$13:$G$14,0)),"UNMATCHED") -> UNMATCHED | O151: =IF(AND(J151="Closed",ISNUMBER(M151),ISNUMBER(N151),M151>=0),M151<=N151,"NOT ASSESSED") -> NOT ASSESSED | P151: =Raw_Data!A153 -> CFM-2026-0163 | Q151: =IFERROR(IF(OR($A151="",$P151=""),"MISSING ID",IF(EXACT($A151,$P151),"ALIGNED","MISMATCH")),"CHECK") -> ALIGNED
A152: CFM-2026-0328 | B152: =IF(Raw_Data!B154="","",IF(ISTEXT(Raw_Data!B154),IFERROR(DATE(VALUE(RIGHT(TRIM(Raw_Data!B154),4)),VALUE(MID(TRIM(Raw_Data!B154),4,2)),VALUE(LEFT(TRIM(Raw_Data!B154),2))),"CHECK"),Raw_Data!B154)) -> 46165 | C152: =IFERROR(INDEX(Reference_Lists!$C$23:$C$35,MATCH(PROPER(TRIM(Raw_Data!C154)),Reference_Lists!$B$23:$B$35,0)),"UNMATCHED") -> In-Person at Distribution | D152: =IFERROR(INDEX(Reference_Lists!$C$36:$C$50,MATCH(PROPER(TRIM(Raw_Data!D154)),Reference_Lists!$B$36:$B$50,0)),"UNMATCHED") -> Khan Yunis | E152: =IF(Raw_Data!E154="","",Raw_Data!E154) -> WASH | F152: =IF(Raw_Data!F154="","",Raw_Data!F154) -> Complaint | G152: =IF(Raw_Data!G154="","",Raw_Data!G154) -> Non-Sensitive | H152: =IFERROR(INDEX(Reference_Lists!$C$51:$C$57,MATCH(PROPER(TRIM(Raw_Data!H154)),Reference_Lists!$B$51:$B$57,0)),"UNMATCHED") -> Female | I152: =IF(Raw_Data!I154="","",Raw_Data!I154) -> 30-44 | J152: =IFERROR(INDEX(Reference_Lists!$C$58:$C$65,MATCH(PROPER(TRIM(Raw_Data!J154)),Reference_Lists!$B$58:$B$65,0)),"UNMATCHED") -> Open | K152: =IF(Raw_Data!K154="","",IF(ISTEXT(Raw_Data!K154),IFERROR(DATE(VALUE(RIGHT(TRIM(Raw_Data!K154),4)),VALUE(MID(TRIM(Raw_Data!K154),4,2)),VALUE(LEFT(TRIM(Raw_Data!K154),2))),"CHECK"),Raw_Data!K154)) | L152: =IF(Raw_Data!L154="","",Raw_Data!L154) -> Requesting additional jerrycans for a shared shelter of four families. | M152: =IF(OR(B152="",K152=""),"",IFERROR(K152-B152,"CHECK")) | N152: =IFERROR(INDEX(Reference_Lists!$H$13:$H$14,MATCH(G152,Reference_Lists!$G$13:$G$14,0)),"UNMATCHED") -> 15 | O152: =IF(AND(J152="Closed",ISNUMBER(M152),ISNUMBER(N152),M152>=0),M152<=N152,"NOT ASSESSED") -> NOT ASSESSED | P152: =Raw_Data!A154 -> CFM-2026-0328 | Q152: =IFERROR(IF(OR($A152="",$P152=""),"MISSING ID",IF(EXACT($A152,$P152),"ALIGNED","MISMATCH")),"CHECK") -> ALIGNED
A153: CFM-2026-0121 | B153: =IF(Raw_Data!B155="","",IF(ISTEXT(Raw_Data!B155),IFERROR(DATE(VALUE(RIGHT(TRIM(Raw_Data!B155),4)),VALUE(MID(TRIM(Raw_Data!B155),4,2)),VALUE(LEFT(TRIM(Raw_Data!B155),2))),"CHECK"),Raw_Data!B155)) -> 46129 | C153: =IFERROR(INDEX(Reference_Lists!$C$23:$C$35,MATCH(PROPER(TRIM(Raw_Data!C155)),Reference_Lists!$B$23:$B$35,0)),"UNMATCHED") -> Suggestion Box | D153: =IFERROR(INDEX(Reference_Lists!$C$36:$C$50,MATCH(PROPER(TRIM(Raw_Data!D155)),Reference_Lists!$B$36:$B$50,0)),"UNMATCHED") -> Rafah | E153: =IF(Raw_Data!E155="","",Raw_Data!E155) -> WASH | F153: =IF(Raw_Data!F155="","",Raw_Data!F155) -> Request for Information | G153: =IF(Raw_Data!G155="","",Raw_Data!G155) -> Non-Sensitive | H153: =IFERROR(INDEX(Reference_Lists!$C$51:$C$57,MATCH(PROPER(TRIM(Raw_Data!H155)),Reference_Lists!$B$51:$B$57,0)),"UNMATCHED") -> Male | I153: =IF(Raw_Data!I155="","",Raw_Data!I155) -> 30-44 | J153: =IFERROR(INDEX(Reference_Lists!$C$58:$C$65,MATCH(PROPER(TRIM(Raw_Data!J155)),Reference_Lists!$B$58:$B$65,0)),"UNMATCHED") -> Closed | K153: =IF(Raw_Data!K155="","",IF(ISTEXT(Raw_Data!K155),IFERROR(DATE(VALUE(RIGHT(TRIM(Raw_Data!K155),4)),VALUE(MID(TRIM(Raw_Data!K155),4,2)),VALUE(LEFT(TRIM(Raw_Data!K155),2))),"CHECK"),Raw_Data!K155)) -> 46157 | L153: =IF(Raw_Data!L155="","",Raw_Data!L155) -> The queue at the water point is not organised and older people cannot wait. | M153: =IF(OR(B153="",K153=""),"",IFERROR(K153-B153,"CHECK")) -> 28 | N153: =IFERROR(INDEX(Reference_Lists!$H$13:$H$14,MATCH(G153,Reference_Lists!$G$13:$G$14,0)),"UNMATCHED") -> 15 | O153: =IF(AND(J153="Closed",ISNUMBER(M153),ISNUMBER(N153),M153>=0),M153<=N153,"NOT ASSESSED") -> FALSE | P153: =Raw_Data!A155 -> CFM-2026-0121 | Q153: =IFERROR(IF(OR($A153="",$P153=""),"MISSING ID",IF(EXACT($A153,$P153),"ALIGNED","MISMATCH")),"CHECK") -> ALIGNED
A154: CFM-2026-0482 | B154: =IF(Raw_Data!B156="","",IF(ISTEXT(Raw_Data!B156),IFERROR(DATE(VALUE(RIGHT(TRIM(Raw_Data!B156),4)),VALUE(MID(TRIM(Raw_Data!B156),4,2)),VALUE(LEFT(TRIM(Raw_Data!B156),2))),"CHECK"),Raw_Data!B156)) -> 46069 | C154: =IFERROR(INDEX(Reference_Lists!$C$23:$C$35,MATCH(PROPER(TRIM(Raw_Data!C156)),Reference_Lists!$B$23:$B$35,0)),"UNMATCHED") -> Phone Hotline | D154: =IFERROR(INDEX(Reference_Lists!$C$36:$C$50,MATCH(PROPER(TRIM(Raw_Data!D156)),Reference_Lists!$B$36:$B$50,0)),"UNMATCHED") -> Nuseirat | E154: =IF(Raw_Data!E156="","",Raw_Data!E156) -> Nutrition | F154: =IF(Raw_Data!F156="","",Raw_Data!F156) -> Complaint | G154: =IF(Raw_Data!G156="","",Raw_Data!G156) -> Non-Sensitive | H154: =IFERROR(INDEX(Reference_Lists!$C$51:$C$57,MATCH(PROPER(TRIM(Raw_Data!H156)),Reference_Lists!$B$51:$B$57,0)),"UNMATCHED") -> Male | I154: =IF(Raw_Data!I156="","",Raw_Data!I156) -> Under 18 | J154: =IFERROR(INDEX(Reference_Lists!$C$58:$C$65,MATCH(PROPER(TRIM(Raw_Data!J156)),Reference_Lists!$B$58:$B$65,0)),"UNMATCHED") -> Closed | K154: =IF(Raw_Data!K156="","",IF(ISTEXT(Raw_Data!K156),IFERROR(DATE(VALUE(RIGHT(TRIM(Raw_Data!K156),4)),VALUE(MID(TRIM(Raw_Data!K156),4,2)),VALUE(LEFT(TRIM(Raw_Data!K156),2))),"CHECK"),Raw_Data!K156)) -> 46074 | L154: =IF(Raw_Data!L156="","",Raw_Data!L156) -> Requesting a screening session closer to the northern shelter. | M154: =IF(OR(B154="",K154=""),"",IFERROR(K154-B154,"CHECK")) -> 5 | N154: =IFERROR(INDEX(Reference_Lists!$H$13:$H$14,MATCH(G154,Reference_Lists!$G$13:$G$14,0)),"UNMATCHED") -> 15 | O154: =IF(AND(J154="Closed",ISNUMBER(M154),ISNUMBER(N154),M154>=0),M154<=N154,"NOT ASSESSED") -> TRUE | P154: =Raw_Data!A156 -> CFM-2026-0482 | Q154: =IFERROR(IF(OR($A154="",$P154=""),"MISSING ID",IF(EXACT($A154,$P154),"ALIGNED","MISMATCH")),"CHECK") -> ALIGNED
A155: CFM-2026-0355 | B155: =IF(Raw_Data!B157="","",IF(ISTEXT(Raw_Data!B157),IFERROR(DATE(VALUE(RIGHT(TRIM(Raw_Data!B157),4)),VALUE(MID(TRIM(Raw_Data!B157),4,2)),VALUE(LEFT(TRIM(Raw_Data!B157),2))),"CHECK"),Raw_Data!B157)) -> 46163 | C155: =IFERROR(INDEX(Reference_Lists!$C$23:$C$35,MATCH(PROPER(TRIM(Raw_Data!C157)),Reference_Lists!$B$23:$B$35,0)),"UNMATCHED") -> In-Person at Distribution | D155: =IFERROR(INDEX(Reference_Lists!$C$36:$C$50,MATCH(PROPER(TRIM(Raw_Data!D157)),Reference_Lists!$B$36:$B$50,0)),"UNMATCHED") -> Gaza City | E155: =IF(Raw_Data!E157="","",Raw_Data!E157) -> Shelter | F155: =IF(Raw_Data!F157="","",Raw_Data!F157) -> Complaint | G155: =IF(Raw_Data!G157="","",Raw_Data!G157) -> Non-Sensitive | H155: =IFERROR(INDEX(Reference_Lists!$C$51:$C$57,MATCH(PROPER(TRIM(Raw_Data!H157)),Reference_Lists!$B$51:$B$57,0)),"UNMATCHED") -> Male | I155: =IF(Raw_Data!I157="","",Raw_Data!I157) -> 45-59 | J155: =IFERROR(INDEX(Reference_Lists!$C$58:$C$65,MATCH(PROPER(TRIM(Raw_Data!J157)),Reference_Lists!$B$58:$B$65,0)),"UNMATCHED") -> Closed | K155: =IF(Raw_Data!K157="","",IF(ISTEXT(Raw_Data!K157),IFERROR(DATE(VALUE(RIGHT(TRIM(Raw_Data!K157),4)),VALUE(MID(TRIM(Raw_Data!K157),4,2)),VALUE(LEFT(TRIM(Raw_Data!K157),2))),"CHECK"),Raw_Data!K157)) -> 46170 | L155: =IF(Raw_Data!L157="","",Raw_Data!L157) -> Shelter kit delivered on time and the team explained the use clearly. | M155: =IF(OR(B155="",K155=""),"",IFERROR(K155-B155,"CHECK")) -> 7 | N155: =IFERROR(INDEX(Reference_Lists!$H$13:$H$14,MATCH(G155,Reference_Lists!$G$13:$G$14,0)),"UNMATCHED") -> 15 | O155: =IF(AND(J155="Closed",ISNUMBER(M155),ISNUMBER(N155),M155>=0),M155<=N155,"NOT ASSESSED") -> TRUE | P155: =Raw_Data!A157 -> CFM-2026-0355 | Q155: =IFERROR(IF(OR($A155="",$P155=""),"MISSING ID",IF(EXACT($A155,$P155),"ALIGNED","MISMATCH")),"CHECK") -> ALIGNED
A156: CFM-2026-0189 | B156: =IF(Raw_Data!B158="","",IF(ISTEXT(Raw_Data!B158),IFERROR(DATE(VALUE(RIGHT(TRIM(Raw_Data!B158),4)),VALUE(MID(TRIM(Raw_Data!B158),4,2)),VALUE(LEFT(TRIM(Raw_Data!B158),2))),"CHECK"),Raw_Data!B158)) -> 46221 | C156: =IFERROR(INDEX(Reference_Lists!$C$23:$C$35,MATCH(PROPER(TRIM(Raw_Data!C158)),Reference_Lists!$B$23:$B$35,0)),"UNMATCHED") -> In-Person at Distribution | D156: =IFERROR(INDEX(Reference_Lists!$C$36:$C$50,MATCH(PROPER(TRIM(Raw_Data!D158)),Reference_Lists!$B$36:$B$50,0)),"UNMATCHED") -> Nuseirat | E156: =IF(Raw_Data!E158="","",Raw_Data!E158) -> Nutrition | F156: =IF(Raw_Data!F158="","",Raw_Data!F158) -> Request for Information | G156: =IF(Raw_Data!G158="","",Raw_Data!G158) -> Non-Sensitive | H156: =IFERROR(INDEX(Reference_Lists!$C$51:$C$57,MATCH(PROPER(TRIM(Raw_Data!H158)),Reference_Lists!$B$51:$B$57,0)),"UNMATCHED") -> Male | I156: =IF(Raw_Data!I158="","",Raw_Data!I158) -> 18-29 | J156: =IFERROR(INDEX(Reference_Lists!$C$58:$C$65,MATCH(PROPER(TRIM(Raw_Data!J158)),Reference_Lists!$B$58:$B$65,0)),"UNMATCHED") -> Open | K156: =IF(Raw_Data!K158="","",IF(ISTEXT(Raw_Data!K158),IFERROR(DATE(VALUE(RIGHT(TRIM(Raw_Data!K158),4)),VALUE(MID(TRIM(Raw_Data!K158),4,2)),VALUE(LEFT(TRIM(Raw_Data!K158),2))),"CHECK"),Raw_Data!K158)) | L156: =IF(Raw_Data!L158="","",Raw_Data!L158) -> Requesting a screening session closer to the northern shelter. | M156: =IF(OR(B156="",K156=""),"",IFERROR(K156-B156,"CHECK")) | N156: =IFERROR(INDEX(Reference_Lists!$H$13:$H$14,MATCH(G156,Reference_Lists!$G$13:$G$14,0)),"UNMATCHED") -> 15 | O156: =IF(AND(J156="Closed",ISNUMBER(M156),ISNUMBER(N156),M156>=0),M156<=N156,"NOT ASSESSED") -> NOT ASSESSED | P156: =Raw_Data!A158 -> CFM-2026-0189 | Q156: =IFERROR(IF(OR($A156="",$P156=""),"MISSING ID",IF(EXACT($A156,$P156),"ALIGNED","MISMATCH")),"CHECK") -> ALIGNED
A157: CFM-2026-0110 | B157: =IF(Raw_Data!B159="","",IF(ISTEXT(Raw_Data!B159),IFERROR(DATE(VALUE(RIGHT(TRIM(Raw_Data!B159),4)),VALUE(MID(TRIM(Raw_Data!B159),4,2)),VALUE(LEFT(TRIM(Raw_Data!B159),2))),"CHECK"),Raw_Data!B159)) -> 46043 | C157: =IFERROR(INDEX(Reference_Lists!$C$23:$C$35,MATCH(PROPER(TRIM(Raw_Data!C159)),Reference_Lists!$B$23:$B$35,0)),"UNMATCHED") -> Phone Hotline | D157: =IFERROR(INDEX(Reference_Lists!$C$36:$C$50,MATCH(PROPER(TRIM(Raw_Data!D159)),Reference_Lists!$B$36:$B$50,0)),"UNMATCHED") -> Khan Yunis | E157: =IF(Raw_Data!E159="","",Raw_Data!E159) -> Food Security | F157: =IF(Raw_Data!F159="","",Raw_Data!F159) -> Suggestion | G157: =IF(Raw_Data!G159="","",Raw_Data!G159) -> Non-Sensitive | H157: =IFERROR(INDEX(Reference_Lists!$C$51:$C$57,MATCH(PROPER(TRIM(Raw_Data!H159)),Reference_Lists!$B$51:$B$57,0)),"UNMATCHED") -> Male | I157: =IF(Raw_Data!I159="","",Raw_Data!I159) -> 45-59 | J157: =IFERROR(INDEX(Reference_Lists!$C$58:$C$65,MATCH(PROPER(TRIM(Raw_Data!J159)),Reference_Lists!$B$58:$B$65,0)),"UNMATCHED") -> Open | K157: =IF(Raw_Data!K159="","",IF(ISTEXT(Raw_Data!K159),IFERROR(DATE(VALUE(RIGHT(TRIM(Raw_Data!K159),4)),VALUE(MID(TRIM(Raw_Data!K159),4,2)),VALUE(LEFT(TRIM(Raw_Data!K159),2))),"CHECK"),Raw_Data!K159)) | L157: =IF(Raw_Data!L159="","",Raw_Data!L159) -> Food parcel contents did not match the announced list. | M157: =IF(OR(B157="",K157=""),"",IFERROR(K157-B157,"CHECK")) | N157: =IFERROR(INDEX(Reference_Lists!$H$13:$H$14,MATCH(G157,Reference_Lists!$G$13:$G$14,0)),"UNMATCHED") -> 15 | O157: =IF(AND(J157="Closed",ISNUMBER(M157),ISNUMBER(N157),M157>=0),M157<=N157,"NOT ASSESSED") -> NOT ASSESSED | P157: =Raw_Data!A159 -> CFM-2026-0110 | Q157: =IFERROR(IF(OR($A157="",$P157=""),"MISSING ID",IF(EXACT($A157,$P157),"ALIGNED","MISMATCH")),"CHECK") -> ALIGNED
A158: CFM-2026-0149 | B158: =IF(Raw_Data!B160="","",IF(ISTEXT(Raw_Data!B160),IFERROR(DATE(VALUE(RIGHT(TRIM(Raw_Data!B160),4)),VALUE(MID(TRIM(Raw_Data!B160),4,2)),VALUE(LEFT(TRIM(Raw_Data!B160),2))),"CHECK"),Raw_Data!B160)) -> 46076 | C158: =IFERROR(INDEX(Reference_Lists!$C$23:$C$35,MATCH(PROPER(TRIM(Raw_Data!C160)),Reference_Lists!$B$23:$B$35,0)),"UNMATCHED") -> Help Desk | D158: =IFERROR(INDEX(Reference_Lists!$C$36:$C$50,MATCH(PROPER(TRIM(Raw_Data!D160)),Reference_Lists!$B$36:$B$50,0)),"UNMATCHED") -> Deir al-Balah | E158: =IF(Raw_Data!E160="","",Raw_Data!E160) -> WASH | F158: =IF(Raw_Data!F160="","",Raw_Data!F160) -> Suggestion | G158: =IF(Raw_Data!G160="","",Raw_Data!G160) -> Non-Sensitive | H158: =IFERROR(INDEX(Reference_Lists!$C$51:$C$57,MATCH(PROPER(TRIM(Raw_Data!H160)),Reference_Lists!$B$51:$B$57,0)),"UNMATCHED") -> Female | I158: =IF(Raw_Data!I160="","",Raw_Data!I160) -> 60+ | J158: =IFERROR(INDEX(Reference_Lists!$C$58:$C$65,MATCH(PROPER(TRIM(Raw_Data!J160)),Reference_Lists!$B$58:$B$65,0)),"UNMATCHED") -> Closed | K158: =IF(Raw_Data!K160="","",IF(ISTEXT(Raw_Data!K160),IFERROR(DATE(VALUE(RIGHT(TRIM(Raw_Data!K160),4)),VALUE(MID(TRIM(Raw_Data!K160),4,2)),VALUE(LEFT(TRIM(Raw_Data!K160),2))),"CHECK"),Raw_Data!K160)) | L158: =IF(Raw_Data!L160="","",Raw_Data!L160) -> Latrine at the site block needs cleaning and lighting at night. | M158: =IF(OR(B158="",K158=""),"",IFERROR(K158-B158,"CHECK")) | N158: =IFERROR(INDEX(Reference_Lists!$H$13:$H$14,MATCH(G158,Reference_Lists!$G$13:$G$14,0)),"UNMATCHED") -> 15 | O158: =IF(AND(J158="Closed",ISNUMBER(M158),ISNUMBER(N158),M158>=0),M158<=N158,"NOT ASSESSED") -> NOT ASSESSED | P158: =Raw_Data!A160 -> CFM-2026-0149 | Q158: =IFERROR(IF(OR($A158="",$P158=""),"MISSING ID",IF(EXACT($A158,$P158),"ALIGNED","MISMATCH")),"CHECK") -> ALIGNED
A159: CFM-2026-0195 | B159: =IF(Raw_Data!B161="","",IF(ISTEXT(Raw_Data!B161),IFERROR(DATE(VALUE(RIGHT(TRIM(Raw_Data!B161),4)),VALUE(MID(TRIM(Raw_Data!B161),4,2)),VALUE(LEFT(TRIM(Raw_Data!B161),2))),"CHECK"),Raw_Data!B161)) -> 46061 | C159: =IFERROR(INDEX(Reference_Lists!$C$23:$C$35,MATCH(PROPER(TRIM(Raw_Data!C161)),Reference_Lists!$B$23:$B$35,0)),"UNMATCHED") -> Help Desk | D159: =IFERROR(INDEX(Reference_Lists!$C$36:$C$50,MATCH(PROPER(TRIM(Raw_Data!D161)),Reference_Lists!$B$36:$B$50,0)),"UNMATCHED") -> Khan Yunis | E159: =IF(Raw_Data!E161="","",Raw_Data!E161) -> Nutrition | F159: =IF(Raw_Data!F161="","",Raw_Data!F161) -> Request for Information | G159: =IF(Raw_Data!G161="","",Raw_Data!G161) -> Non-Sensitive | H159: =IFERROR(INDEX(Reference_Lists!$C$51:$C$57,MATCH(PROPER(TRIM(Raw_Data!H161)),Reference_Lists!$B$51:$B$57,0)),"UNMATCHED") -> Female | I159: =IF(Raw_Data!I161="","",Raw_Data!I161) -> 18-29 | J159: =IFERROR(INDEX(Reference_Lists!$C$58:$C$65,MATCH(PROPER(TRIM(Raw_Data!J161)),Reference_Lists!$B$58:$B$65,0)),"UNMATCHED") -> Closed | K159: =IF(Raw_Data!K161="","",IF(ISTEXT(Raw_Data!K161),IFERROR(DATE(VALUE(RIGHT(TRIM(Raw_Data!K161),4)),VALUE(MID(TRIM(Raw_Data!K161),4,2)),VALUE(LEFT(TRIM(Raw_Data!K161),2))),"CHECK"),Raw_Data!K161)) -> 46062 | L159: =IF(Raw_Data!L161="","",Raw_Data!L161) -> Requesting a screening session closer to the northern shelter. | M159: =IF(OR(B159="",K159=""),"",IFERROR(K159-B159,"CHECK")) -> 1 | N159: =IFERROR(INDEX(Reference_Lists!$H$13:$H$14,MATCH(G159,Reference_Lists!$G$13:$G$14,0)),"UNMATCHED") -> 15 | O159: =IF(AND(J159="Closed",ISNUMBER(M159),ISNUMBER(N159),M159>=0),M159<=N159,"NOT ASSESSED") -> TRUE | P159: =Raw_Data!A161 -> CFM-2026-0195 | Q159: =IFERROR(IF(OR($A159="",$P159=""),"MISSING ID",IF(EXACT($A159,$P159),"ALIGNED","MISMATCH")),"CHECK") -> ALIGNED
A160: CFM-2026-0027 | B160: =IF(Raw_Data!B162="","",IF(ISTEXT(Raw_Data!B162),IFERROR(DATE(VALUE(RIGHT(TRIM(Raw_Data!B162),4)),VALUE(MID(TRIM(Raw_Data!B162),4,2)),VALUE(LEFT(TRIM(Raw_Data!B162),2))),"CHECK"),Raw_Data!B162)) -> 46094 | C160: =IFERROR(INDEX(Reference_Lists!$C$23:$C$35,MATCH(PROPER(TRIM(Raw_Data!C162)),Reference_Lists!$B$23:$B$35,0)),"UNMATCHED") -> Suggestion Box | D160: =IFERROR(INDEX(Reference_Lists!$C$36:$C$50,MATCH(PROPER(TRIM(Raw_Data!D162)),Reference_Lists!$B$36:$B$50,0)),"UNMATCHED") -> Jabalia | E160: =IF(Raw_Data!E162="","",Raw_Data!E162) -> Food Security | F160: =IF(Raw_Data!F162="","",Raw_Data!F162) -> Complaint | G160: =IF(Raw_Data!G162="","",Raw_Data!G162) -> Non-Sensitive | H160: =IFERROR(INDEX(Reference_Lists!$C$51:$C$57,MATCH(PROPER(TRIM(Raw_Data!H162)),Reference_Lists!$B$51:$B$57,0)),"UNMATCHED") -> Female | I160: =IF(Raw_Data!I162="","",Raw_Data!I162) -> 18-29 | J160: =IFERROR(INDEX(Reference_Lists!$C$58:$C$65,MATCH(PROPER(TRIM(Raw_Data!J162)),Reference_Lists!$B$58:$B$65,0)),"UNMATCHED") -> Closed | K160: =IF(Raw_Data!K162="","",IF(ISTEXT(Raw_Data!K162),IFERROR(DATE(VALUE(RIGHT(TRIM(Raw_Data!K162),4)),VALUE(MID(TRIM(Raw_Data!K162),4,2)),VALUE(LEFT(TRIM(Raw_Data!K162),2))),"CHECK"),Raw_Data!K162)) -> 46104 | L160: =IF(Raw_Data!L162="","",Raw_Data!L162) -> Thanking the team for organising the last distribution well. | M160: =IF(OR(B160="",K160=""),"",IFERROR(K160-B160,"CHECK")) -> 10 | N160: =IFERROR(INDEX(Reference_Lists!$H$13:$H$14,MATCH(G160,Reference_Lists!$G$13:$G$14,0)),"UNMATCHED") -> 15 | O160: =IF(AND(J160="Closed",ISNUMBER(M160),ISNUMBER(N160),M160>=0),M160<=N160,"NOT ASSESSED") -> TRUE | P160: =Raw_Data!A162 -> CFM-2026-0027 | Q160: =IFERROR(IF(OR($A160="",$P160=""),"MISSING ID",IF(EXACT($A160,$P160),"ALIGNED","MISMATCH")),"CHECK") -> ALIGNED
... A164: CFM-2026-0332 | B164: =IF(Raw_Data!B166="","",IF(ISTEXT(Raw_Data!B166),IFERROR(DATE(VALUE(RIGHT(TRIM(Raw_Data!B166),4)),VALUE(MID(TRIM(Raw_Data!B166),4,2)),VALUE(LEFT(TRIM(Raw_Data!B166),2))),"CHECK"),Raw_Data!B166)) -> 46190 | C164: =IFERROR(INDEX(Reference_Lists!$C$23:$C$35,MATCH(PROPER(TRIM(Raw_Data!C166)),Reference_Lists!$B$23:$B$35,0)),"UNMATCHED") -> Phone Hotline | D164: =IFERROR(INDEX(Reference_Lists!$C$36:$C$50,MATCH(PROPER(TRIM(Raw_Data!D166)),Reference_Lists!$B$36:$B$50,0)),"UNMATCHED") -> Nuseirat | E164: =IF(Raw_Data!E166="","",Raw_Data!E166) -> Shelter | F164: =IF(Raw_Data!F166="","",Raw_Data!F166) -> Request for Information | G164: =IF(Raw_Data!G166="","",Raw_Data!G166) -> Non-Sensitive | H164: =IFERROR(INDEX(Reference_Lists!$C$51:$C$57,MATCH(PROPER(TRIM(Raw_Data!H166)),Reference_Lists!$B$51:$B$57,0)),"UNMATCHED") -> Male | I164: =IF(Raw_Data!I166="","",Raw_Data!I166) -> Under 18 | J164: =IFERROR(INDEX(Reference_Lists!$C$58:$C$65,MATCH(PROPER(TRIM(Raw_Data!J166)),Reference_Lists!$B$58:$B$65,0)),"UNMATCHED") -> Closed | K164: =IF(Raw_Data!K166="","",IF(ISTEXT(Raw_Data!K166),IFERROR(DATE(VALUE(RIGHT(TRIM(Raw_Data!K166),4)),VALUE(MID(TRIM(Raw_Data!K166),4,2)),VALUE(LEFT(TRIM(Raw_Data!K166),2))),"CHECK"),Raw_Data!K166)) -> 46191 | L164: =IF(Raw_Data!L166="","",Raw_Data!L166) -> Tarpaulin received is torn and does not cover the shelter area. | M164: =IF(OR(B164="",K164=""),"",IFERROR(K164-B164,"CHECK")) -> 1 | N164: =IFERROR(INDEX(Reference_Lists!$H$13:$H$14,MATCH(G164,Reference_Lists!$G$13:$G$14,0)),"UNMATCHED") -> 15 | O164: =IF(AND(J164="Closed",ISNUMBER(M164),ISNUMBER(N164),M164>=0),M164<=N164,"NOT ASSESSED") -> TRUE | P164: =Raw_Data!A166 -> CFM-2026-0332 | Q164: =IFERROR(IF(OR($A164="",$P164=""),"MISSING ID",IF(EXACT($A164,$P164),"ALIGNED","MISMATCH")),"CHECK") -> ALIGNED
A165: CFM-2026-0246 | B165: =IF(Raw_Data!B168="","",IF(ISTEXT(Raw_Data!B168),IFERROR(DATE(VALUE(RIGHT(TRIM(Raw_Data!B168),4)),VALUE(MID(TRIM(Raw_Data!B168),4,2)),VALUE(LEFT(TRIM(Raw_Data!B168),2))),"CHECK"),Raw_Data!B168)) -> 46173 | C165: =IFERROR(INDEX(Reference_Lists!$C$23:$C$35,MATCH(PROPER(TRIM(Raw_Data!C168)),Reference_Lists!$B$23:$B$35,0)),"UNMATCHED") -> Phone Hotline | D165: =IFERROR(INDEX(Reference_Lists!$C$36:$C$50,MATCH(PROPER(TRIM(Raw_Data!D168)),Reference_Lists!$B$36:$B$50,0)),"UNMATCHED") -> Nuseirat | E165: =IF(Raw_Data!E168="","",Raw_Data!E168) -> Health | F165: =IF(Raw_Data!F168="","",Raw_Data!F168) -> Suggestion | G165: =IF(Raw_Data!G168="","",Raw_Data!G168) -> Non-Sensitive | H165: =IFERROR(INDEX(Reference_Lists!$C$51:$C$57,MATCH(PROPER(TRIM(Raw_Data!H168)),Reference_Lists!$B$51:$B$57,0)),"UNMATCHED") -> Male | I165: =IF(Raw_Data!I168="","",Raw_Data!I168) -> 18-29 | J165: =IFERROR(INDEX(Reference_Lists!$C$58:$C$65,MATCH(PROPER(TRIM(Raw_Data!J168)),Reference_Lists!$B$58:$B$65,0)),"UNMATCHED") -> Open | K165: =IF(Raw_Data!K168="","",IF(ISTEXT(Raw_Data!K168),IFERROR(DATE(VALUE(RIGHT(TRIM(Raw_Data!K168),4)),VALUE(MID(TRIM(Raw_Data!K168),4,2)),VALUE(LEFT(TRIM(Raw_Data!K168),2))),"CHECK"),Raw_Data!K168)) | L165: =IF(Raw_Data!L168="","",Raw_Data!L168) -> Requesting a referral pathway for a family member with limited mobility. | M165: =IF(OR(B165="",K165=""),"",IFERROR(K165-B165,"CHECK")) | N165: =IFERROR(INDEX(Reference_Lists!$H$13:$H$14,MATCH(G165,Reference_Lists!$G$13:$G$14,0)),"UNMATCHED") -> 15 | O165: =IF(AND(J165="Closed",ISNUMBER(M165),ISNUMBER(N165),M165>=0),M165<=N165,"NOT ASSESSED") -> NOT ASSESSED | P165: =Raw_Data!A168 -> CFM-2026-0246 | Q165: =IFERROR(IF(OR($A165="",$P165=""),"MISSING ID",IF(EXACT($A165,$P165),"ALIGNED","MISMATCH")),"CHECK") -> ALIGNED
A166: CFM-2026-0118 | B166: =IF(Raw_Data!B169="","",IF(ISTEXT(Raw_Data!B169),IFERROR(DATE(VALUE(RIGHT(TRIM(Raw_Data!B169),4)),VALUE(MID(TRIM(Raw_Data!B169),4,2)),VALUE(LEFT(TRIM(Raw_Data!B169),2))),"CHECK"),Raw_Data!B169)) -> 46196 | C166: =IFERROR(INDEX(Reference_Lists!$C$23:$C$35,MATCH(PROPER(TRIM(Raw_Data!C169)),Reference_Lists!$B$23:$B$35,0)),"UNMATCHED") -> Suggestion Box | D166: =IFERROR(INDEX(Reference_Lists!$C$36:$C$50,MATCH(PROPER(TRIM(Raw_Data!D169)),Reference_Lists!$B$36:$B$50,0)),"UNMATCHED") -> Deir al-Balah | E166: =IF(Raw_Data!E169="","",Raw_Data!E169) -> Food Security | F166: =IF(Raw_Data!F169="","",Raw_Data!F169) -> Suggestion | G166: =IF(Raw_Data!G169="","",Raw_Data!G169) -> Non-Sensitive | H166: =IFERROR(INDEX(Reference_Lists!$C$51:$C$57,MATCH(PROPER(TRIM(Raw_Data!H169)),Reference_Lists!$B$51:$B$57,0)),"UNMATCHED") -> Male | I166: =IF(Raw_Data!I169="","",Raw_Data!I169) -> Under 18 | J166: =IFERROR(INDEX(Reference_Lists!$C$58:$C$65,MATCH(PROPER(TRIM(Raw_Data!J169)),Reference_Lists!$B$58:$B$65,0)),"UNMATCHED") -> Open | K166: =IF(Raw_Data!K169="","",IF(ISTEXT(Raw_Data!K169),IFERROR(DATE(VALUE(RIGHT(TRIM(Raw_Data!K169),4)),VALUE(MID(TRIM(Raw_Data!K169),4,2)),VALUE(LEFT(TRIM(Raw_Data!K169),2))),"CHECK"),Raw_Data!K169)) | L166: =IF(Raw_Data!L169="","",Raw_Data!L169) -> Distribution point is far and transport cost is high for our family. | M166: =IF(OR(B166="",K166=""),"",IFERROR(K166-B166,"CHECK")) | N166: =IFERROR(INDEX(Reference_Lists!$H$13:$H$14,MATCH(G166,Reference_Lists!$G$13:$G$14,0)),"UNMATCHED") -> 15 | O166: =IF(AND(J166="Closed",ISNUMBER(M166),ISNUMBER(N166),M166>=0),M166<=N166,"NOT ASSESSED") -> NOT ASSESSED | P166: =Raw_Data!A169 -> CFM-2026-0118 | Q166: =IFERROR(IF(OR($A166="",$P166=""),"MISSING ID",IF(EXACT($A166,$P166),"ALIGNED","MISMATCH")),"CHECK") -> ALIGNED
A167: CFM-2026-0183 | B167: =IF(Raw_Data!B170="","",IF(ISTEXT(Raw_Data!B170),IFERROR(DATE(VALUE(RIGHT(TRIM(Raw_Data!B170),4)),VALUE(MID(TRIM(Raw_Data!B170),4,2)),VALUE(LEFT(TRIM(Raw_Data!B170),2))),"CHECK"),Raw_Data!B170)) -> 46104 | C167: =IFERROR(INDEX(Reference_Lists!$C$23:$C$35,MATCH(PROPER(TRIM(Raw_Data!C170)),Reference_Lists!$B$23:$B$35,0)),"UNMATCHED") -> Phone Hotline | D167: =IFERROR(INDEX(Reference_Lists!$C$36:$C$50,MATCH(PROPER(TRIM(Raw_Data!D170)),Reference_Lists!$B$36:$B$50,0)),"UNMATCHED") -> Rafah | E167: =IF(Raw_Data!E170="","",Raw_Data!E170) -> Health | F167: =IF(Raw_Data!F170="","",Raw_Data!F170) -> Request for Information | G167: =IF(Raw_Data!G170="","",Raw_Data!G170) -> Non-Sensitive | H167: =IFERROR(INDEX(Reference_Lists!$C$51:$C$57,MATCH(PROPER(TRIM(Raw_Data!H170)),Reference_Lists!$B$51:$B$57,0)),"UNMATCHED") -> Female | I167: =IF(Raw_Data!I170="","",Raw_Data!I170) -> 30-44 | J167: =IFERROR(INDEX(Reference_Lists!$C$58:$C$65,MATCH(PROPER(TRIM(Raw_Data!J170)),Reference_Lists!$B$58:$B$65,0)),"UNMATCHED") -> Closed | K167: =IF(Raw_Data!K170="","",IF(ISTEXT(Raw_Data!K170),IFERROR(DATE(VALUE(RIGHT(TRIM(Raw_Data!K170),4)),VALUE(MID(TRIM(Raw_Data!K170),4,2)),VALUE(LEFT(TRIM(Raw_Data!K170),2))),"CHECK"),Raw_Data!K170)) -> 46098 | L167: =IF(Raw_Data!L170="","",Raw_Data!L170) -> Requesting a referral pathway for a family member with limited mobility. | M167: =IF(OR(B167="",K167=""),"",IFERROR(K167-B167,"CHECK")) -> -6 | N167: =IFERROR(INDEX(Reference_Lists!$H$13:$H$14,MATCH(G167,Reference_Lists!$G$13:$G$14,0)),"UNMATCHED") -> 15 | O167: =IF(AND(J167="Closed",ISNUMBER(M167),ISNUMBER(N167),M167>=0),M167<=N167,"NOT ASSESSED") -> NOT ASSESSED | P167: =Raw_Data!A170 -> CFM-2026-0183 | Q167: =IFERROR(IF(OR($A167="",$P167=""),"MISSING ID",IF(EXACT($A167,$P167),"ALIGNED","MISMATCH")),"CHECK") -> ALIGNED
A168: CFM-2026-0049 | B168: =IF(Raw_Data!B171="","",IF(ISTEXT(Raw_Data!B171),IFERROR(DATE(VALUE(RIGHT(TRIM(Raw_Data!B171),4)),VALUE(MID(TRIM(Raw_Data!B171),4,2)),VALUE(LEFT(TRIM(Raw_Data!B171),2))),"CHECK"),Raw_Data!B171)) -> 46160 | C168: =IFERROR(INDEX(Reference_Lists!$C$23:$C$35,MATCH(PROPER(TRIM(Raw_Data!C171)),Reference_Lists!$B$23:$B$35,0)),"UNMATCHED") -> Community Focal Point | D168: =IFERROR(INDEX(Reference_Lists!$C$36:$C$50,MATCH(PROPER(TRIM(Raw_Data!D171)),Reference_Lists!$B$36:$B$50,0)),"UNMATCHED") -> Nuseirat | E168: =IF(Raw_Data!E171="","",Raw_Data!E171) -> Health | F168: =IF(Raw_Data!F171="","",Raw_Data!F171) -> Complaint | G168: =IF(Raw_Data!G171="","",Raw_Data!G171) -> Non-Sensitive | H168: =IFERROR(INDEX(Reference_Lists!$C$51:$C$57,MATCH(PROPER(TRIM(Raw_Data!H171)),Reference_Lists!$B$51:$B$57,0)),"UNMATCHED") -> Male | I168: =IF(Raw_Data!I171="","",Raw_Data!I171) -> 60+ | J168: =IFERROR(INDEX(Reference_Lists!$C$58:$C$65,MATCH(PROPER(TRIM(Raw_Data!J171)),Reference_Lists!$B$58:$B$65,0)),"UNMATCHED") -> Referred | K168: =IF(Raw_Data!K171="","",IF(ISTEXT(Raw_Data!K171),IFERROR(DATE(VALUE(RIGHT(TRIM(Raw_Data!K171),4)),VALUE(MID(TRIM(Raw_Data!K171),4,2)),VALUE(LEFT(TRIM(Raw_Data!K171),2))),"CHECK"),Raw_Data!K171)) | L168: =IF(Raw_Data!L171="","",Raw_Data!L171) -> Requesting a referral pathway for a family member with limited mobility. | M168: =IF(OR(B168="",K168=""),"",IFERROR(K168-B168,"CHECK")) | N168: =IFERROR(INDEX(Reference_Lists!$H$13:$H$14,MATCH(G168,Reference_Lists!$G$13:$G$14,0)),"UNMATCHED") -> 15 | O168: =IF(AND(J168="Closed",ISNUMBER(M168),ISNUMBER(N168),M168>=0),M168<=N168,"NOT ASSESSED") -> NOT ASSESSED | P168: =Raw_Data!A171 -> CFM-2026-0049 | Q168: =IFERROR(IF(OR($A168="",$P168=""),"MISSING ID",IF(EXACT($A168,$P168),"ALIGNED","MISMATCH")),"CHECK") -> ALIGNED
A169: CFM-2026-0469 | B169: =IF(Raw_Data!B172="","",IF(ISTEXT(Raw_Data!B172),IFERROR(DATE(VALUE(RIGHT(TRIM(Raw_Data!B172),4)),VALUE(MID(TRIM(Raw_Data!B172),4,2)),VALUE(LEFT(TRIM(Raw_Data!B172),2))),"CHECK"),Raw_Data!B172)) -> 46214 | C169: =IFERROR(INDEX(Reference_Lists!$C$23:$C$35,MATCH(PROPER(TRIM(Raw_Data!C172)),Reference_Lists!$B$23:$B$35,0)),"UNMATCHED") -> Help Desk | D169: =IFERROR(INDEX(Reference_Lists!$C$36:$C$50,MATCH(PROPER(TRIM(Raw_Data!D172)),Reference_Lists!$B$36:$B$50,0)),"UNMATCHED") -> Jabalia | E169: =IF(Raw_Data!E172="","",Raw_Data!E172) -> WASH | F169: =IF(Raw_Data!F172="","",Raw_Data!F172) -> Appreciation | G169: =IF(Raw_Data!G172="","",Raw_Data!G172) -> Non-Sensitive | H169: =IFERROR(INDEX(Reference_Lists!$C$51:$C$57,MATCH(PROPER(TRIM(Raw_Data!H172)),Reference_Lists!$B$51:$B$57,0)),"UNMATCHED") -> Female | I169: =IF(Raw_Data!I172="","",Raw_Data!I172) -> 30-44 | J169: =IFERROR(INDEX(Reference_Lists!$C$58:$C$65,MATCH(PROPER(TRIM(Raw_Data!J172)),Reference_Lists!$B$58:$B$65,0)),"UNMATCHED") -> Closed | K169: =IF(Raw_Data!K172="","",IF(ISTEXT(Raw_Data!K172),IFERROR(DATE(VALUE(RIGHT(TRIM(Raw_Data!K172),4)),VALUE(MID(TRIM(Raw_Data!K172),4,2)),VALUE(LEFT(TRIM(Raw_Data!K172),2))),"CHECK"),Raw_Data!K172)) -> 46241 | L169: =IF(Raw_Data!L172="","",Raw_Data!L172) -> Latrine at the site block needs cleaning and lighting at night. | M169: =IF(OR(B169="",K169=""),"",IFERROR(K169-B169,"CHECK")) -> 27 | N169: =IFERROR(INDEX(Reference_Lists!$H$13:$H$14,MATCH(G169,Reference_Lists!$G$13:$G$14,0)),"UNMATCHED") -> 15 | O169: =IF(AND(J169="Closed",ISNUMBER(M169),ISNUMBER(N169),M169>=0),M169<=N169,"NOT ASSESSED") -> FALSE | P169: =Raw_Data!A172 -> CFM-2026-0469 | Q169: =IFERROR(IF(OR($A169="",$P169=""),"MISSING ID",IF(EXACT($A169,$P169),"ALIGNED","MISMATCH")),"CHECK") -> ALIGNED
A170: CFM-2026-0081 | B170: =IF(Raw_Data!B173="","",IF(ISTEXT(Raw_Data!B173),IFERROR(DATE(VALUE(RIGHT(TRIM(Raw_Data!B173),4)),VALUE(MID(TRIM(Raw_Data!B173),4,2)),VALUE(LEFT(TRIM(Raw_Data!B173),2))),"CHECK"),Raw_Data!B173)) -> 46131 | C170: =IFERROR(INDEX(Reference_Lists!$C$23:$C$35,MATCH(PROPER(TRIM(Raw_Data!C173)),Reference_Lists!$B$23:$B$35,0)),"UNMATCHED") -> In-Person at Distribution | D170: =IFERROR(INDEX(Reference_Lists!$C$36:$C$50,MATCH(PROPER(TRIM(Raw_Data!D173)),Reference_Lists!$B$36:$B$50,0)),"UNMATCHED") -> Jabalia | E170: =IF(Raw_Data!E173="","",Raw_Data!E173) -> Food Security | F170: =IF(Raw_Data!F173="","",Raw_Data!F173) -> Complaint | G170: =IF(Raw_Data!G173="","",Raw_Data!G173) -> Non-Sensitive | H170: =IFERROR(INDEX(Reference_Lists!$C$51:$C$57,MATCH(PROPER(TRIM(Raw_Data!H173)),Reference_Lists!$B$51:$B$57,0)),"UNMATCHED") -> Female | I170: =IF(Raw_Data!I173="","",Raw_Data!I173) -> 45-59 | J170: =IFERROR(INDEX(Reference_Lists!$C$58:$C$65,MATCH(PROPER(TRIM(Raw_Data!J173)),Reference_Lists!$B$58:$B$65,0)),"UNMATCHED") -> Closed | K170: =IF(Raw_Data!K173="","",IF(ISTEXT(Raw_Data!K173),IFERROR(DATE(VALUE(RIGHT(TRIM(Raw_Data!K173),4)),VALUE(MID(TRIM(Raw_Data!K173),4,2)),VALUE(LEFT(TRIM(Raw_Data!K173),2))),"CHECK"),Raw_Data!K173)) -> 46144 | L170: =IF(Raw_Data!L173="","",Raw_Data!L173) -> Asking how the beneficiary list for the next round is prepared. | M170: =IF(OR(B170="",K170=""),"",IFERROR(K170-B170,"CHECK")) -> 13 | N170: =IFERROR(INDEX(Reference_Lists!$H$13:$H$14,MATCH(G170,Reference_Lists!$G$13:$G$14,0)),"UNMATCHED") -> 15 | O170: =IF(AND(J170="Closed",ISNUMBER(M170),ISNUMBER(N170),M170>=0),M170<=N170,"NOT ASSESSED") -> TRUE | P170: =Raw_Data!A173 -> CFM-2026-0081 | Q170: =IFERROR(IF(OR($A170="",$P170=""),"MISSING ID",IF(EXACT($A170,$P170),"ALIGNED","MISMATCH")),"CHECK") -> ALIGNED
A171: CFM-2026-0450 | B171: =IF(Raw_Data!B174="","",IF(ISTEXT(Raw_Data!B174),IFERROR(DATE(VALUE(RIGHT(TRIM(Raw_Data!B174),4)),VALUE(MID(TRIM(Raw_Data!B174),4,2)),VALUE(LEFT(TRIM(Raw_Data!B174),2))),"CHECK"),Raw_Data!B174)) -> 46171 | C171: =IFERROR(INDEX(Reference_Lists!$C$23:$C$35,MATCH(PROPER(TRIM(Raw_Data!C174)),Reference_Lists!$B$23:$B$35,0)),"UNMATCHED") -> In-Person at Distribution | D171: =IFERROR(INDEX(Reference_Lists!$C$36:$C$50,MATCH(PROPER(TRIM(Raw_Data!D174)),Reference_Lists!$B$36:$B$50,0)),"UNMATCHED") -> Gaza City | E171: =IF(Raw_Data!E174="","",Raw_Data!E174) -> Shelter | F171: =IF(Raw_Data!F174="","",Raw_Data!F174) -> Complaint | G171: =IF(Raw_Data!G174="","",Raw_Data!G174) -> Non-Sensitive | H171: =IFERROR(INDEX(Reference_Lists!$C$51:$C$57,MATCH(PROPER(TRIM(Raw_Data!H174)),Reference_Lists!$B$51:$B$57,0)),"UNMATCHED") -> Male | I171: =IF(Raw_Data!I174="","",Raw_Data!I174) -> 18-29 | J171: =IFERROR(INDEX(Reference_Lists!$C$58:$C$65,MATCH(PROPER(TRIM(Raw_Data!J174)),Reference_Lists!$B$58:$B$65,0)),"UNMATCHED") -> Closed | K171: =IF(Raw_Data!K174="","",IF(ISTEXT(Raw_Data!K174),IFERROR(DATE(VALUE(RIGHT(TRIM(Raw_Data!K174),4)),VALUE(MID(TRIM(Raw_Data!K174),4,2)),VALUE(LEFT(TRIM(Raw_Data!K174),2))),"CHECK"),Raw_Data!K174)) -> 46174 | L171: =IF(Raw_Data!L174="","",Raw_Data!L174) -> Requesting information about the criteria for shelter repair kits. | M171: =IF(OR(B171="",K171=""),"",IFERROR(K171-B171,"CHECK")) -> 3 | N171: =IFERROR(INDEX(Reference_Lists!$H$13:$H$14,MATCH(G171,Reference_Lists!$G$13:$G$14,0)),"UNMATCHED") -> 15 | O171: =IF(AND(J171="Closed",ISNUMBER(M171),ISNUMBER(N171),M171>=0),M171<=N171,"NOT ASSESSED") -> TRUE | P171: =Raw_Data!A174 -> CFM-2026-0450 | Q171: =IFERROR(IF(OR($A171="",$P171=""),"MISSING ID",IF(EXACT($A171,$P171),"ALIGNED","MISMATCH")),"CHECK") -> ALIGNED
A172: CFM-2026-0449 | B172: =IF(Raw_Data!B175="","",IF(ISTEXT(Raw_Data!B175),IFERROR(DATE(VALUE(RIGHT(TRIM(Raw_Data!B175),4)),VALUE(MID(TRIM(Raw_Data!B175),4,2)),VALUE(LEFT(TRIM(Raw_Data!B175),2))),"CHECK"),Raw_Data!B175)) -> 46193 | C172: =IFERROR(INDEX(Reference_Lists!$C$23:$C$35,MATCH(PROPER(TRIM(Raw_Data!C175)),Reference_Lists!$B$23:$B$35,0)),"UNMATCHED") -> Suggestion Box | D172: =IFERROR(INDEX(Reference_Lists!$C$36:$C$50,MATCH(PROPER(TRIM(Raw_Data!D175)),Reference_Lists!$B$36:$B$50,0)),"UNMATCHED") -> Rafah | E172: =IF(Raw_Data!E175="","",Raw_Data!E175) -> Health | F172: =IF(Raw_Data!F175="","",Raw_Data!F175) -> Complaint | G172: =IF(Raw_Data!G175="","",Raw_Data!G175) -> Non-Sensitive | H172: =IFERROR(INDEX(Reference_Lists!$C$51:$C$57,MATCH(PROPER(TRIM(Raw_Data!H175)),Reference_Lists!$B$51:$B$57,0)),"UNMATCHED") -> Female | I172: =IF(Raw_Data!I175="","",Raw_Data!I175) -> 30-44 | J172: =IFERROR(INDEX(Reference_Lists!$C$58:$C$65,MATCH(PROPER(TRIM(Raw_Data!J175)),Reference_Lists!$B$58:$B$65,0)),"UNMATCHED") -> Closed | K172: =IF(Raw_Data!K175="","",IF(ISTEXT(Raw_Data!K175),IFERROR(DATE(VALUE(RIGHT(TRIM(Raw_Data!K175),4)),VALUE(MID(TRIM(Raw_Data!K175),4,2)),VALUE(LEFT(TRIM(Raw_Data!K175),2))),"CHECK"),Raw_Data!K175)) -> 46213 | L172: =IF(Raw_Data!L175="","",Raw_Data!L175) -> Clinic opening hours are not clear to the community. | M172: =IF(OR(B172="",K172=""),"",IFERROR(K172-B172,"CHECK")) -> 20 | N172: =IFERROR(INDEX(Reference_Lists!$H$13:$H$14,MATCH(G172,Reference_Lists!$G$13:$G$14,0)),"UNMATCHED") -> 15 | O172: =IF(AND(J172="Closed",ISNUMBER(M172),ISNUMBER(N172),M172>=0),M172<=N172,"NOT ASSESSED") -> FALSE | P172: =Raw_Data!A175 -> CFM-2026-0449 | Q172: =IFERROR(IF(OR($A172="",$P172=""),"MISSING ID",IF(EXACT($A172,$P172),"ALIGNED","MISMATCH")),"CHECK") -> ALIGNED
A173: CFM-2026-0338 | B173: =IF(Raw_Data!B176="","",IF(ISTEXT(Raw_Data!B176),IFERROR(DATE(VALUE(RIGHT(TRIM(Raw_Data!B176),4)),VALUE(MID(TRIM(Raw_Data!B176),4,2)),VALUE(LEFT(TRIM(Raw_Data!B176),2))),"CHECK"),Raw_Data!B176)) -> 46031 | C173: =IFERROR(INDEX(Reference_Lists!$C$23:$C$35,MATCH(PROPER(TRIM(Raw_Data!C176)),Reference_Lists!$B$23:$B$35,0)),"UNMATCHED") -> Help Desk | D173: =IFERROR(INDEX(Reference_Lists!$C$36:$C$50,MATCH(PROPER(TRIM(Raw_Data!D176)),Reference_Lists!$B$36:$B$50,0)),"UNMATCHED") -> Rafah | E173: =IF(Raw_Data!E176="","",Raw_Data!E176) -> Health | F173: =IF(Raw_Data!F176="","",Raw_Data!F176) -> Complaint | G173: =IF(Raw_Data!G176="","",Raw_Data!G176) -> Non-Sensitive | H173: =IFERROR(INDEX(Reference_Lists!$C$51:$C$57,MATCH(PROPER(TRIM(Raw_Data!H176)),Reference_Lists!$B$51:$B$57,0)),"UNMATCHED") -> Female | I173: =IF(Raw_Data!I176="","",Raw_Data!I176) -> 18-29 | J173: =IFERROR(INDEX(Reference_Lists!$C$58:$C$65,MATCH(PROPER(TRIM(Raw_Data!J176)),Reference_Lists!$B$58:$B$65,0)),"UNMATCHED") -> Referred | K173: =IF(Raw_Data!K176="","",IF(ISTEXT(Raw_Data!K176),IFERROR(DATE(VALUE(RIGHT(TRIM(Raw_Data!K176),4)),VALUE(MID(TRIM(Raw_Data!K176),4,2)),VALUE(LEFT(TRIM(Raw_Data!K176),2))),"CHECK"),Raw_Data!K176)) | L173: =IF(Raw_Data!L176="","",Raw_Data!L176) -> Clinic opening hours are not clear to the community. | M173: =IF(OR(B173="",K173=""),"",IFERROR(K173-B173,"CHECK")) | N173: =IFERROR(INDEX(Reference_Lists!$H$13:$H$14,MATCH(G173,Reference_Lists!$G$13:$G$14,0)),"UNMATCHED") -> 15 | O173: =IF(AND(J173="Closed",ISNUMBER(M173),ISNUMBER(N173),M173>=0),M173<=N173,"NOT ASSESSED") -> NOT ASSESSED | P173: =Raw_Data!A176 -> CFM-2026-0338 | Q173: =IFERROR(IF(OR($A173="",$P173=""),"MISSING ID",IF(EXACT($A173,$P173),"ALIGNED","MISMATCH")),"CHECK") -> ALIGNED
A174: CFM-2026-0335 | B174: =IF(Raw_Data!B177="","",IF(ISTEXT(Raw_Data!B177),IFERROR(DATE(VALUE(RIGHT(TRIM(Raw_Data!B177),4)),VALUE(MID(TRIM(Raw_Data!B177),4,2)),VALUE(LEFT(TRIM(Raw_Data!B177),2))),"CHECK"),Raw_Data!B177)) -> 46121 | C174: =IFERROR(INDEX(Reference_Lists!$C$23:$C$35,MATCH(PROPER(TRIM(Raw_Data!C177)),Reference_Lists!$B$23:$B$35,0)),"UNMATCHED") -> Suggestion Box | D174: =IFERROR(INDEX(Reference_Lists!$C$36:$C$50,MATCH(PROPER(TRIM(Raw_Data!D177)),Reference_Lists!$B$36:$B$50,0)),"UNMATCHED") -> Jabalia | E174: =IF(Raw_Data!E177="","",Raw_Data!E177) -> Food Security | F174: =IF(Raw_Data!F177="","",Raw_Data!F177) -> Suggestion | G174: =IF(Raw_Data!G177="","",Raw_Data!G177) -> Non-Sensitive | H174: =IFERROR(INDEX(Reference_Lists!$C$51:$C$57,MATCH(PROPER(TRIM(Raw_Data!H177)),Reference_Lists!$B$51:$B$57,0)),"UNMATCHED") -> Female | I174: =IF(Raw_Data!I177="","",Raw_Data!I177) -> 30-44 | J174: =IFERROR(INDEX(Reference_Lists!$C$58:$C$65,MATCH(PROPER(TRIM(Raw_Data!J177)),Reference_Lists!$B$58:$B$65,0)),"UNMATCHED") -> Closed | K174: =IF(Raw_Data!K177="","",IF(ISTEXT(Raw_Data!K177),IFERROR(DATE(VALUE(RIGHT(TRIM(Raw_Data!K177),4)),VALUE(MID(TRIM(Raw_Data!K177),4,2)),VALUE(LEFT(TRIM(Raw_Data!K177),2))),"CHECK"),Raw_Data!K177)) -> 46140 | L174: =IF(Raw_Data!L177="","",Raw_Data!L177) -> Thanking the team for organising the last distribution well. | M174: =IF(OR(B174="",K174=""),"",IFERROR(K174-B174,"CHECK")) -> 19 | N174: =IFERROR(INDEX(Reference_Lists!$H$13:$H$14,MATCH(G174,Reference_Lists!$G$13:$G$14,0)),"UNMATCHED") -> 15 | O174: =IF(AND(J174="Closed",ISNUMBER(M174),ISNUMBER(N174),M174>=0),M174<=N174,"NOT ASSESSED") -> FALSE | P174: =Raw_Data!A177 -> CFM-2026-0335 | Q174: =IFERROR(IF(OR($A174="",$P174=""),"MISSING ID",IF(EXACT($A174,$P174),"ALIGNED","MISMATCH")),"CHECK") -> ALIGNED
A175: CFM-2026-0162 | B175: =IF(Raw_Data!B178="","",IF(ISTEXT(Raw_Data!B178),IFERROR(DATE(VALUE(RIGHT(TRIM(Raw_Data!B178),4)),VALUE(MID(TRIM(Raw_Data!B178),4,2)),VALUE(LEFT(TRIM(Raw_Data!B178),2))),"CHECK"),Raw_Data!B178)) -> 46080 | C175: =IFERROR(INDEX(Reference_Lists!$C$23:$C$35,MATCH(PROPER(TRIM(Raw_Data!C178)),Reference_Lists!$B$23:$B$35,0)),"UNMATCHED") -> Community Focal Point | D175: =IFERROR(INDEX(Reference_Lists!$C$36:$C$50,MATCH(PROPER(TRIM(Raw_Data!D178)),Reference_Lists!$B$36:$B$50,0)),"UNMATCHED") -> Gaza City | E175: =IF(Raw_Data!E178="","",Raw_Data!E178) -> Nutrition | F175: =IF(Raw_Data!F178="","",Raw_Data!F178) -> Request for Information | G175: =IF(Raw_Data!G178="","",Raw_Data!G178) -> Non-Sensitive | H175: =IFERROR(INDEX(Reference_Lists!$C$51:$C$57,MATCH(PROPER(TRIM(Raw_Data!H178)),Reference_Lists!$B$51:$B$57,0)),"UNMATCHED") -> Male | I175: =IF(Raw_Data!I178="","",Raw_Data!I178) -> 18-29 | J175: =IFERROR(INDEX(Reference_Lists!$C$58:$C$65,MATCH(PROPER(TRIM(Raw_Data!J178)),Reference_Lists!$B$58:$B$65,0)),"UNMATCHED") -> Closed | K175: =IF(Raw_Data!K178="","",IF(ISTEXT(Raw_Data!K178),IFERROR(DATE(VALUE(RIGHT(TRIM(Raw_Data!K178),4)),VALUE(MID(TRIM(Raw_Data!K178),4,2)),VALUE(LEFT(TRIM(Raw_Data!K178),2))),"CHECK"),Raw_Data!K178)) -> 46083 | L175: =IF(Raw_Data!L178="","",Raw_Data!L178) -> Supplement was received but the guidance sheet was in English only. | M175: =IF(OR(B175="",K175=""),"",IFERROR(K175-B175,"CHECK")) -> 3 | N175: =IFERROR(INDEX(Reference_Lists!$H$13:$H$14,MATCH(G175,Reference_Lists!$G$13:$G$14,0)),"UNMATCHED") -> 15 | O175: =IF(AND(J175="Closed",ISNUMBER(M175),ISNUMBER(N175),M175>=0),M175<=N175,"NOT ASSESSED") -> TRUE | P175: =Raw_Data!A178 -> CFM-2026-0162 | Q175: =IFERROR(IF(OR($A175="",$P175=""),"MISSING ID",IF(EXACT($A175,$P175),"ALIGNED","MISMATCH")),"CHECK") -> ALIGNED
A176: CFM-2026-0030 | B176: =IF(Raw_Data!B179="","",IF(ISTEXT(Raw_Data!B179),IFERROR(DATE(VALUE(RIGHT(TRIM(Raw_Data!B179),4)),VALUE(MID(TRIM(Raw_Data!B179),4,2)),VALUE(LEFT(TRIM(Raw_Data!B179),2))),"CHECK"),Raw_Data!B179)) -> 46156 | C176: =IFERROR(INDEX(Reference_Lists!$C$23:$C$35,MATCH(PROPER(TRIM(Raw_Data!C179)),Reference_Lists!$B$23:$B$35,0)),"UNMATCHED") -> Community Focal Point | D176: =IFERROR(INDEX(Reference_Lists!$C$36:$C$50,MATCH(PROPER(TRIM(Raw_Data!D179)),Reference_Lists!$B$36:$B$50,0)),"UNMATCHED") -> Rafah | E176: =IF(Raw_Data!E179="","",Raw_Data!E179) -> WASH | F176: =IF(Raw_Data!F179="","",Raw_Data!F179) -> Complaint | G176: =IF(Raw_Data!G179="","",Raw_Data!G179) -> Non-Sensitive | H176: =IFERROR(INDEX(Reference_Lists!$C$51:$C$57,MATCH(PROPER(TRIM(Raw_Data!H179)),Reference_Lists!$B$51:$B$57,0)),"UNMATCHED") -> Male | I176: =IF(Raw_Data!I179="","",Raw_Data!I179) -> Under 18 | J176: =IFERROR(INDEX(Reference_Lists!$C$58:$C$65,MATCH(PROPER(TRIM(Raw_Data!J179)),Reference_Lists!$B$58:$B$65,0)),"UNMATCHED") -> In Progress | K176: =IF(Raw_Data!K179="","",IF(ISTEXT(Raw_Data!K179),IFERROR(DATE(VALUE(RIGHT(TRIM(Raw_Data!K179),4)),VALUE(MID(TRIM(Raw_Data!K179),4,2)),VALUE(LEFT(TRIM(Raw_Data!K179),2))),"CHECK"),Raw_Data!K179)) | L176: =IF(Raw_Data!L179="","",Raw_Data!L179) -> Water truck did not arrive at the agreed time for three consecutive days. | M176: =IF(OR(B176="",K176=""),"",IFERROR(K176-B176,"CHECK")) | N176: =IFERROR(INDEX(Reference_Lists!$H$13:$H$14,MATCH(G176,Reference_Lists!$G$13:$G$14,0)),"UNMATCHED") -> 15 | O176: =IF(AND(J176="Closed",ISNUMBER(M176),ISNUMBER(N176),M176>=0),M176<=N176,"NOT ASSESSED") -> NOT ASSESSED | P176: =Raw_Data!A179 -> CFM-2026-0030 | Q176: =IFERROR(IF(OR($A176="",$P176=""),"MISSING ID",IF(EXACT($A176,$P176),"ALIGNED","MISMATCH")),"CHECK") -> ALIGNED
... A183: CFM-2026-0221 | B183: =IF(Raw_Data!B186="","",IF(ISTEXT(Raw_Data!B186),IFERROR(DATE(VALUE(RIGHT(TRIM(Raw_Data!B186),4)),VALUE(MID(TRIM(Raw_Data!B186),4,2)),VALUE(LEFT(TRIM(Raw_Data!B186),2))),"CHECK"),Raw_Data!B186)) -> 46143 | C183: =IFERROR(INDEX(Reference_Lists!$C$23:$C$35,MATCH(PROPER(TRIM(Raw_Data!C186)),Reference_Lists!$B$23:$B$35,0)),"UNMATCHED") -> Phone Hotline | D183: =IFERROR(INDEX(Reference_Lists!$C$36:$C$50,MATCH(PROPER(TRIM(Raw_Data!D186)),Reference_Lists!$B$36:$B$50,0)),"UNMATCHED") -> Deir al-Balah | E183: =IF(Raw_Data!E186="","",Raw_Data!E186) -> Shelter | F183: =IF(Raw_Data!F186="","",Raw_Data!F186) -> Complaint | G183: =IF(Raw_Data!G186="","",Raw_Data!G186) -> Non-Sensitive | H183: =IFERROR(INDEX(Reference_Lists!$C$51:$C$57,MATCH(PROPER(TRIM(Raw_Data!H186)),Reference_Lists!$B$51:$B$57,0)),"UNMATCHED") -> Female | I183: =IF(Raw_Data!I186="","",Raw_Data!I186) -> 30-44 | J183: =IFERROR(INDEX(Reference_Lists!$C$58:$C$65,MATCH(PROPER(TRIM(Raw_Data!J186)),Reference_Lists!$B$58:$B$65,0)),"UNMATCHED") -> Closed | K183: =IF(Raw_Data!K186="","",IF(ISTEXT(Raw_Data!K186),IFERROR(DATE(VALUE(RIGHT(TRIM(Raw_Data!K186),4)),VALUE(MID(TRIM(Raw_Data!K186),4,2)),VALUE(LEFT(TRIM(Raw_Data!K186),2))),"CHECK"),Raw_Data!K186)) -> 46149 | L183: =IF(Raw_Data!L186="","",Raw_Data!L186) | M183: =IF(OR(B183="",K183=""),"",IFERROR(K183-B183,"CHECK")) -> 6 | N183: =IFERROR(INDEX(Reference_Lists!$H$13:$H$14,MATCH(G183,Reference_Lists!$G$13:$G$14,0)),"UNMATCHED") -> 15 | O183: =IF(AND(J183="Closed",ISNUMBER(M183),ISNUMBER(N183),M183>=0),M183<=N183,"NOT ASSESSED") -> TRUE | P183: =Raw_Data!A186 -> CFM-2026-0221 | Q183: =IFERROR(IF(OR($A183="",$P183=""),"MISSING ID",IF(EXACT($A183,$P183),"ALIGNED","MISMATCH")),"CHECK") -> ALIGNED
A184: CFM-2026-0350 | B184: =IF(Raw_Data!B188="","",IF(ISTEXT(Raw_Data!B188),IFERROR(DATE(VALUE(RIGHT(TRIM(Raw_Data!B188),4)),VALUE(MID(TRIM(Raw_Data!B188),4,2)),VALUE(LEFT(TRIM(Raw_Data!B188),2))),"CHECK"),Raw_Data!B188)) -> 46133 | C184: =IFERROR(INDEX(Reference_Lists!$C$23:$C$35,MATCH(PROPER(TRIM(Raw_Data!C188)),Reference_Lists!$B$23:$B$35,0)),"UNMATCHED") -> Community Focal Point | D184: =IFERROR(INDEX(Reference_Lists!$C$36:$C$50,MATCH(PROPER(TRIM(Raw_Data!D188)),Reference_Lists!$B$36:$B$50,0)),"UNMATCHED") -> Nuseirat | E184: =IF(Raw_Data!E188="","",Raw_Data!E188) -> Shelter | F184: =IF(Raw_Data!F188="","",Raw_Data!F188) -> Request for Information | G184: =IF(Raw_Data!G188="","",Raw_Data!G188) -> Non-Sensitive | H184: =IFERROR(INDEX(Reference_Lists!$C$51:$C$57,MATCH(PROPER(TRIM(Raw_Data!H188)),Reference_Lists!$B$51:$B$57,0)),"UNMATCHED") -> Female | I184: =IF(Raw_Data!I188="","",Raw_Data!I188) -> 18-29 | J184: =IFERROR(INDEX(Reference_Lists!$C$58:$C$65,MATCH(PROPER(TRIM(Raw_Data!J188)),Reference_Lists!$B$58:$B$65,0)),"UNMATCHED") -> Open | K184: =IF(Raw_Data!K188="","",IF(ISTEXT(Raw_Data!K188),IFERROR(DATE(VALUE(RIGHT(TRIM(Raw_Data!K188),4)),VALUE(MID(TRIM(Raw_Data!K188),4,2)),VALUE(LEFT(TRIM(Raw_Data!K188),2))),"CHECK"),Raw_Data!K188)) | L184: =IF(Raw_Data!L188="","",Raw_Data!L188) -> Shelter kit delivered on time and the team explained the use clearly. | M184: =IF(OR(B184="",K184=""),"",IFERROR(K184-B184,"CHECK")) | N184: =IFERROR(INDEX(Reference_Lists!$H$13:$H$14,MATCH(G184,Reference_Lists!$G$13:$G$14,0)),"UNMATCHED") -> 15 | O184: =IF(AND(J184="Closed",ISNUMBER(M184),ISNUMBER(N184),M184>=0),M184<=N184,"NOT ASSESSED") -> NOT ASSESSED | P184: =Raw_Data!A188 -> CFM-2026-0350 | Q184: =IFERROR(IF(OR($A184="",$P184=""),"MISSING ID",IF(EXACT($A184,$P184),"ALIGNED","MISMATCH")),"CHECK") -> ALIGNED
A185: CFM-2026-0062 | B185: =IF(Raw_Data!B189="","",IF(ISTEXT(Raw_Data!B189),IFERROR(DATE(VALUE(RIGHT(TRIM(Raw_Data!B189),4)),VALUE(MID(TRIM(Raw_Data!B189),4,2)),VALUE(LEFT(TRIM(Raw_Data!B189),2))),"CHECK"),Raw_Data!B189)) -> 46136 | C185: =IFERROR(INDEX(Reference_Lists!$C$23:$C$35,MATCH(PROPER(TRIM(Raw_Data!C189)),Reference_Lists!$B$23:$B$35,0)),"UNMATCHED") -> Suggestion Box | D185: =IFERROR(INDEX(Reference_Lists!$C$36:$C$50,MATCH(PROPER(TRIM(Raw_Data!D189)),Reference_Lists!$B$36:$B$50,0)),"UNMATCHED") -> Gaza City | E185: =IF(Raw_Data!E189="","",Raw_Data!E189) -> Health | F185: =IF(Raw_Data!F189="","",Raw_Data!F189) -> Request for Information | G185: =IF(Raw_Data!G189="","",Raw_Data!G189) -> Non-Sensitive | H185: =IFERROR(INDEX(Reference_Lists!$C$51:$C$57,MATCH(PROPER(TRIM(Raw_Data!H189)),Reference_Lists!$B$51:$B$57,0)),"UNMATCHED") -> Male | I185: =IF(Raw_Data!I189="","",Raw_Data!I189) | J185: =IFERROR(INDEX(Reference_Lists!$C$58:$C$65,MATCH(PROPER(TRIM(Raw_Data!J189)),Reference_Lists!$B$58:$B$65,0)),"UNMATCHED") -> Closed | K185: =IF(Raw_Data!K189="","",IF(ISTEXT(Raw_Data!K189),IFERROR(DATE(VALUE(RIGHT(TRIM(Raw_Data!K189),4)),VALUE(MID(TRIM(Raw_Data!K189),4,2)),VALUE(LEFT(TRIM(Raw_Data!K189),2))),"CHECK"),Raw_Data!K189)) -> 46143 | L185: =IF(Raw_Data!L189="","",Raw_Data!L189) -> Clinic opening hours are not clear to the community. | M185: =IF(OR(B185="",K185=""),"",IFERROR(K185-B185,"CHECK")) -> 7 | N185: =IFERROR(INDEX(Reference_Lists!$H$13:$H$14,MATCH(G185,Reference_Lists!$G$13:$G$14,0)),"UNMATCHED") -> 15 | O185: =IF(AND(J185="Closed",ISNUMBER(M185),ISNUMBER(N185),M185>=0),M185<=N185,"NOT ASSESSED") -> TRUE | P185: =Raw_Data!A189 -> CFM-2026-0062 | Q185: =IFERROR(IF(OR($A185="",$P185=""),"MISSING ID",IF(EXACT($A185,$P185),"ALIGNED","MISMATCH")),"CHECK") -> ALIGNED
A186: CFM-2026-0213 | B186: =IF(Raw_Data!B190="","",IF(ISTEXT(Raw_Data!B190),IFERROR(DATE(VALUE(RIGHT(TRIM(Raw_Data!B190),4)),VALUE(MID(TRIM(Raw_Data!B190),4,2)),VALUE(LEFT(TRIM(Raw_Data!B190),2))),"CHECK"),Raw_Data!B190)) -> 46034 | C186: =IFERROR(INDEX(Reference_Lists!$C$23:$C$35,MATCH(PROPER(TRIM(Raw_Data!C190)),Reference_Lists!$B$23:$B$35,0)),"UNMATCHED") -> Suggestion Box | D186: =IFERROR(INDEX(Reference_Lists!$C$36:$C$50,MATCH(PROPER(TRIM(Raw_Data!D190)),Reference_Lists!$B$36:$B$50,0)),"UNMATCHED") -> Khan Yunis | E186: =IF(Raw_Data!E190="","",Raw_Data!E190) | F186: =IF(Raw_Data!F190="","",Raw_Data!F190) -> Request for Information | G186: =IF(Raw_Data!G190="","",Raw_Data!G190) -> Non-Sensitive | H186: =IFERROR(INDEX(Reference_Lists!$C$51:$C$57,MATCH(PROPER(TRIM(Raw_Data!H190)),Reference_Lists!$B$51:$B$57,0)),"UNMATCHED") -> Female | I186: =IF(Raw_Data!I190="","",Raw_Data!I190) -> 30-44 | J186: =IFERROR(INDEX(Reference_Lists!$C$58:$C$65,MATCH(PROPER(TRIM(Raw_Data!J190)),Reference_Lists!$B$58:$B$65,0)),"UNMATCHED") -> In Progress | K186: =IF(Raw_Data!K190="","",IF(ISTEXT(Raw_Data!K190),IFERROR(DATE(VALUE(RIGHT(TRIM(Raw_Data!K190),4)),VALUE(MID(TRIM(Raw_Data!K190),4,2)),VALUE(LEFT(TRIM(Raw_Data!K190),2))),"CHECK"),Raw_Data!K190)) | L186: =IF(Raw_Data!L190="","",Raw_Data!L190) -> Shelter kit delivered on time and the team explained the use clearly. | M186: =IF(OR(B186="",K186=""),"",IFERROR(K186-B186,"CHECK")) | N186: =IFERROR(INDEX(Reference_Lists!$H$13:$H$14,MATCH(G186,Reference_Lists!$G$13:$G$14,0)),"UNMATCHED") -> 15 | O186: =IF(AND(J186="Closed",ISNUMBER(M186),ISNUMBER(N186),M186>=0),M186<=N186,"NOT ASSESSED") -> NOT ASSESSED | P186: =Raw_Data!A190 -> CFM-2026-0213 | Q186: =IFERROR(IF(OR($A186="",$P186=""),"MISSING ID",IF(EXACT($A186,$P186),"ALIGNED","MISMATCH")),"CHECK") -> ALIGNED
A187: CFM-2026-0443 | B187: =IF(Raw_Data!B191="","",IF(ISTEXT(Raw_Data!B191),IFERROR(DATE(VALUE(RIGHT(TRIM(Raw_Data!B191),4)),VALUE(MID(TRIM(Raw_Data!B191),4,2)),VALUE(LEFT(TRIM(Raw_Data!B191),2))),"CHECK"),Raw_Data!B191)) -> 46027 | C187: =IFERROR(INDEX(Reference_Lists!$C$23:$C$35,MATCH(PROPER(TRIM(Raw_Data!C191)),Reference_Lists!$B$23:$B$35,0)),"UNMATCHED") -> Phone Hotline | D187: =IFERROR(INDEX(Reference_Lists!$C$36:$C$50,MATCH(PROPER(TRIM(Raw_Data!D191)),Reference_Lists!$B$36:$B$50,0)),"UNMATCHED") -> Deir al-Balah | E187: =IF(Raw_Data!E191="","",Raw_Data!E191) -> WASH | F187: =IF(Raw_Data!F191="","",Raw_Data!F191) -> Complaint | G187: =IF(Raw_Data!G191="","",Raw_Data!G191) -> Non-Sensitive | H187: =IFERROR(INDEX(Reference_Lists!$C$51:$C$57,MATCH(PROPER(TRIM(Raw_Data!H191)),Reference_Lists!$B$51:$B$57,0)),"UNMATCHED") -> Female | I187: =IF(Raw_Data!I191="","",Raw_Data!I191) -> 30-44 | J187: =IFERROR(INDEX(Reference_Lists!$C$58:$C$65,MATCH(PROPER(TRIM(Raw_Data!J191)),Reference_Lists!$B$58:$B$65,0)),"UNMATCHED") -> Closed | K187: =IF(Raw_Data!K191="","",IF(ISTEXT(Raw_Data!K191),IFERROR(DATE(VALUE(RIGHT(TRIM(Raw_Data!K191),4)),VALUE(MID(TRIM(Raw_Data!K191),4,2)),VALUE(LEFT(TRIM(Raw_Data!K191),2))),"CHECK"),Raw_Data!K191)) -> 46028 | L187: =IF(Raw_Data!L191="","",Raw_Data!L191) -> Water truck did not arrive at the agreed time for three consecutive days. | M187: =IF(OR(B187="",K187=""),"",IFERROR(K187-B187,"CHECK")) -> 1 | N187: =IFERROR(INDEX(Reference_Lists!$H$13:$H$14,MATCH(G187,Reference_Lists!$G$13:$G$14,0)),"UNMATCHED") -> 15 | O187: =IF(AND(J187="Closed",ISNUMBER(M187),ISNUMBER(N187),M187>=0),M187<=N187,"NOT ASSESSED") -> TRUE | P187: =Raw_Data!A191 -> CFM-2026-0443 | Q187: =IFERROR(IF(OR($A187="",$P187=""),"MISSING ID",IF(EXACT($A187,$P187),"ALIGNED","MISMATCH")),"CHECK") -> ALIGNED
A188: CFM-2026-0415 | B188: =IF(Raw_Data!B192="","",IF(ISTEXT(Raw_Data!B192),IFERROR(DATE(VALUE(RIGHT(TRIM(Raw_Data!B192),4)),VALUE(MID(TRIM(Raw_Data!B192),4,2)),VALUE(LEFT(TRIM(Raw_Data!B192),2))),"CHECK"),Raw_Data!B192)) -> 46110 | C188: =IFERROR(INDEX(Reference_Lists!$C$23:$C$35,MATCH(PROPER(TRIM(Raw_Data!C192)),Reference_Lists!$B$23:$B$35,0)),"UNMATCHED") -> Phone Hotline | D188: =IFERROR(INDEX(Reference_Lists!$C$36:$C$50,MATCH(PROPER(TRIM(Raw_Data!D192)),Reference_Lists!$B$36:$B$50,0)),"UNMATCHED") -> Gaza City | E188: =IF(Raw_Data!E192="","",Raw_Data!E192) -> Shelter | F188: =IF(Raw_Data!F192="","",Raw_Data!F192) -> Appreciation | G188: =IF(Raw_Data!G192="","",Raw_Data!G192) -> Non-Sensitive | H188: =IFERROR(INDEX(Reference_Lists!$C$51:$C$57,MATCH(PROPER(TRIM(Raw_Data!H192)),Reference_Lists!$B$51:$B$57,0)),"UNMATCHED") -> Prefer not to say | I188: =IF(Raw_Data!I192="","",Raw_Data!I192) -> 30-44 | J188: =IFERROR(INDEX(Reference_Lists!$C$58:$C$65,MATCH(PROPER(TRIM(Raw_Data!J192)),Reference_Lists!$B$58:$B$65,0)),"UNMATCHED") -> Closed | K188: =IF(Raw_Data!K192="","",IF(ISTEXT(Raw_Data!K192),IFERROR(DATE(VALUE(RIGHT(TRIM(Raw_Data!K192),4)),VALUE(MID(TRIM(Raw_Data!K192),4,2)),VALUE(LEFT(TRIM(Raw_Data!K192),2))),"CHECK"),Raw_Data!K192)) -> 46111 | L188: =IF(Raw_Data!L192="","",Raw_Data!L192) -> Requesting information about the criteria for shelter repair kits. | M188: =IF(OR(B188="",K188=""),"",IFERROR(K188-B188,"CHECK")) -> 1 | N188: =IFERROR(INDEX(Reference_Lists!$H$13:$H$14,MATCH(G188,Reference_Lists!$G$13:$G$14,0)),"UNMATCHED") -> 15 | O188: =IF(AND(J188="Closed",ISNUMBER(M188),ISNUMBER(N188),M188>=0),M188<=N188,"NOT ASSESSED") -> TRUE | P188: =Raw_Data!A192 -> CFM-2026-0415 | Q188: =IFERROR(IF(OR($A188="",$P188=""),"MISSING ID",IF(EXACT($A188,$P188),"ALIGNED","MISMATCH")),"CHECK") -> ALIGNED
A189: CFM-2026-0106 | B189: =IF(Raw_Data!B193="","",IF(ISTEXT(Raw_Data!B193),IFERROR(DATE(VALUE(RIGHT(TRIM(Raw_Data!B193),4)),VALUE(MID(TRIM(Raw_Data!B193),4,2)),VALUE(LEFT(TRIM(Raw_Data!B193),2))),"CHECK"),Raw_Data!B193)) -> 46184 | C189: =IFERROR(INDEX(Reference_Lists!$C$23:$C$35,MATCH(PROPER(TRIM(Raw_Data!C193)),Reference_Lists!$B$23:$B$35,0)),"UNMATCHED") -> Phone Hotline | D189: =IFERROR(INDEX(Reference_Lists!$C$36:$C$50,MATCH(PROPER(TRIM(Raw_Data!D193)),Reference_Lists!$B$36:$B$50,0)),"UNMATCHED") -> Nuseirat | E189: =IF(Raw_Data!E193="","",Raw_Data!E193) -> Food Security | F189: =IF(Raw_Data!F193="","",Raw_Data!F193) -> Appreciation | G189: =IF(Raw_Data!G193="","",Raw_Data!G193) -> Non-Sensitive | H189: =IFERROR(INDEX(Reference_Lists!$C$51:$C$57,MATCH(PROPER(TRIM(Raw_Data!H193)),Reference_Lists!$B$51:$B$57,0)),"UNMATCHED") -> Male | I189: =IF(Raw_Data!I193="","",Raw_Data!I193) -> 30-44 | J189: =IFERROR(INDEX(Reference_Lists!$C$58:$C$65,MATCH(PROPER(TRIM(Raw_Data!J193)),Reference_Lists!$B$58:$B$65,0)),"UNMATCHED") -> Closed | K189: =IF(Raw_Data!K193="","",IF(ISTEXT(Raw_Data!K193),IFERROR(DATE(VALUE(RIGHT(TRIM(Raw_Data!K193),4)),VALUE(MID(TRIM(Raw_Data!K193),4,2)),VALUE(LEFT(TRIM(Raw_Data!K193),2))),"CHECK"),Raw_Data!K193)) -> 46185 | L189: =IF(Raw_Data!L193="","",Raw_Data!L193) -> Asking how the beneficiary list for the next round is prepared. | M189: =IF(OR(B189="",K189=""),"",IFERROR(K189-B189,"CHECK")) -> 1 | N189: =IFERROR(INDEX(Reference_Lists!$H$13:$H$14,MATCH(G189,Reference_Lists!$G$13:$G$14,0)),"UNMATCHED") -> 15 | O189: =IF(AND(J189="Closed",ISNUMBER(M189),ISNUMBER(N189),M189>=0),M189<=N189,"NOT ASSESSED") -> TRUE | P189: =Raw_Data!A193 -> CFM-2026-0106 | Q189: =IFERROR(IF(OR($A189="",$P189=""),"MISSING ID",IF(EXACT($A189,$P189),"ALIGNED","MISMATCH")),"CHECK") -> ALIGNED
A190: CFM-2026-0197 | B190: =IF(Raw_Data!B194="","",IF(ISTEXT(Raw_Data!B194),IFERROR(DATE(VALUE(RIGHT(TRIM(Raw_Data!B194),4)),VALUE(MID(TRIM(Raw_Data!B194),4,2)),VALUE(LEFT(TRIM(Raw_Data!B194),2))),"CHECK"),Raw_Data!B194)) -> 46103 | C190: =IFERROR(INDEX(Reference_Lists!$C$23:$C$35,MATCH(PROPER(TRIM(Raw_Data!C194)),Reference_Lists!$B$23:$B$35,0)),"UNMATCHED") -> Community Focal Point | D190: =IFERROR(INDEX(Reference_Lists!$C$36:$C$50,MATCH(PROPER(TRIM(Raw_Data!D194)),Reference_Lists!$B$36:$B$50,0)),"UNMATCHED") -> Jabalia | E190: =IF(Raw_Data!E194="","",Raw_Data!E194) -> Health | F190: =IF(Raw_Data!F194="","",Raw_Data!F194) -> Suggestion | G190: =IF(Raw_Data!G194="","",Raw_Data!G194) -> Non-Sensitive | H190: =IFERROR(INDEX(Reference_Lists!$C$51:$C$57,MATCH(PROPER(TRIM(Raw_Data!H194)),Reference_Lists!$B$51:$B$57,0)),"UNMATCHED") -> Male | I190: =IF(Raw_Data!I194="","",Raw_Data!I194) -> 45-59 | J190: =IFERROR(INDEX(Reference_Lists!$C$58:$C$65,MATCH(PROPER(TRIM(Raw_Data!J194)),Reference_Lists!$B$58:$B$65,0)),"UNMATCHED") -> Closed | K190: =IF(Raw_Data!K194="","",IF(ISTEXT(Raw_Data!K194),IFERROR(DATE(VALUE(RIGHT(TRIM(Raw_Data!K194),4)),VALUE(MID(TRIM(Raw_Data!K194),4,2)),VALUE(LEFT(TRIM(Raw_Data!K194),2))),"CHECK"),Raw_Data!K194)) -> 46111 | L190: =IF(Raw_Data!L194="","",Raw_Data!L194) -> Requesting a referral pathway for a family member with limited mobility. | M190: =IF(OR(B190="",K190=""),"",IFERROR(K190-B190,"CHECK")) -> 8 | N190: =IFERROR(INDEX(Reference_Lists!$H$13:$H$14,MATCH(G190,Reference_Lists!$G$13:$G$14,0)),"UNMATCHED") -> 15 | O190: =IF(AND(J190="Closed",ISNUMBER(M190),ISNUMBER(N190),M190>=0),M190<=N190,"NOT ASSESSED") -> TRUE | P190: =Raw_Data!A194 -> CFM-2026-0197 | Q190: =IFERROR(IF(OR($A190="",$P190=""),"MISSING ID",IF(EXACT($A190,$P190),"ALIGNED","MISMATCH")),"CHECK") -> ALIGNED
A191: CFM-2026-0409 | B191: =IF(Raw_Data!B195="","",IF(ISTEXT(Raw_Data!B195),IFERROR(DATE(VALUE(RIGHT(TRIM(Raw_Data!B195),4)),VALUE(MID(TRIM(Raw_Data!B195),4,2)),VALUE(LEFT(TRIM(Raw_Data!B195),2))),"CHECK"),Raw_Data!B195)) -> 46136 | C191: =IFERROR(INDEX(Reference_Lists!$C$23:$C$35,MATCH(PROPER(TRIM(Raw_Data!C195)),Reference_Lists!$B$23:$B$35,0)),"UNMATCHED") -> In-Person at Distribution | D191: =IFERROR(INDEX(Reference_Lists!$C$36:$C$50,MATCH(PROPER(TRIM(Raw_Data!D195)),Reference_Lists!$B$36:$B$50,0)),"UNMATCHED") -> Deir al-Balah | E191: =IF(Raw_Data!E195="","",Raw_Data!E195) -> Shelter | F191: =IF(Raw_Data!F195="","",Raw_Data!F195) -> Sensitive Complaint | G191: =IF(Raw_Data!G195="","",Raw_Data!G195) -> Sensitive | H191: =IFERROR(INDEX(Reference_Lists!$C$51:$C$57,MATCH(PROPER(TRIM(Raw_Data!H195)),Reference_Lists!$B$51:$B$57,0)),"UNMATCHED") -> Female | I191: =IF(Raw_Data!I195="","",Raw_Data!I195) -> 18-29 | J191: =IFERROR(INDEX(Reference_Lists!$C$58:$C$65,MATCH(PROPER(TRIM(Raw_Data!J195)),Reference_Lists!$B$58:$B$65,0)),"UNMATCHED") -> Open | K191: =IF(Raw_Data!K195="","",IF(ISTEXT(Raw_Data!K195),IFERROR(DATE(VALUE(RIGHT(TRIM(Raw_Data!K195),4)),VALUE(MID(TRIM(Raw_Data!K195),4,2)),VALUE(LEFT(TRIM(Raw_Data!K195),2))),"CHECK"),Raw_Data!K195)) | L191: =IF(Raw_Data!L195="","",Raw_Data!L195) -> Sensitive case - details recorded separately by the focal point; not stored in this tracker. | M191: =IF(OR(B191="",K191=""),"",IFERROR(K191-B191,"CHECK")) | N191: =IFERROR(INDEX(Reference_Lists!$H$13:$H$14,MATCH(G191,Reference_Lists!$G$13:$G$14,0)),"UNMATCHED") -> 3 | O191: =IF(AND(J191="Closed",ISNUMBER(M191),ISNUMBER(N191),M191>=0),M191<=N191,"NOT ASSESSED") -> NOT ASSESSED | P191: =Raw_Data!A195 -> CFM-2026-0409 | Q191: =IFERROR(IF(OR($A191="",$P191=""),"MISSING ID",IF(EXACT($A191,$P191),"ALIGNED","MISMATCH")),"CHECK") -> ALIGNED
A192: CFM-2026-0034 | B192: =IF(Raw_Data!B196="","",IF(ISTEXT(Raw_Data!B196),IFERROR(DATE(VALUE(RIGHT(TRIM(Raw_Data!B196),4)),VALUE(MID(TRIM(Raw_Data!B196),4,2)),VALUE(LEFT(TRIM(Raw_Data!B196),2))),"CHECK"),Raw_Data!B196)) -> 46191 | C192: =IFERROR(INDEX(Reference_Lists!$C$23:$C$35,MATCH(PROPER(TRIM(Raw_Data!C196)),Reference_Lists!$B$23:$B$35,0)),"UNMATCHED") -> Help Desk | D192: =IFERROR(INDEX(Reference_Lists!$C$36:$C$50,MATCH(PROPER(TRIM(Raw_Data!D196)),Reference_Lists!$B$36:$B$50,0)),"UNMATCHED") -> Gaza City | E192: =IF(Raw_Data!E196="","",Raw_Data!E196) -> Health | F192: =IF(Raw_Data!F196="","",Raw_Data!F196) -> Complaint | G192: =IF(Raw_Data!G196="","",Raw_Data!G196) -> Non-Sensitive | H192: =IFERROR(INDEX(Reference_Lists!$C$51:$C$57,MATCH(PROPER(TRIM(Raw_Data!H196)),Reference_Lists!$B$51:$B$57,0)),"UNMATCHED") -> Female | I192: =IF(Raw_Data!I196="","",Raw_Data!I196) -> 18-29 | J192: =IFERROR(INDEX(Reference_Lists!$C$58:$C$65,MATCH(PROPER(TRIM(Raw_Data!J196)),Reference_Lists!$B$58:$B$65,0)),"UNMATCHED") -> Closed | K192: =IF(Raw_Data!K196="","",IF(ISTEXT(Raw_Data!K196),IFERROR(DATE(VALUE(RIGHT(TRIM(Raw_Data!K196),4)),VALUE(MID(TRIM(Raw_Data!K196),4,2)),VALUE(LEFT(TRIM(Raw_Data!K196),2))),"CHECK"),Raw_Data!K196)) -> 46195 | L192: =IF(Raw_Data!L196="","",Raw_Data!L196) -> Waiting time at the mobile clinic is long during afternoon hours. | M192: =IF(OR(B192="",K192=""),"",IFERROR(K192-B192,"CHECK")) -> 4 | N192: =IFERROR(INDEX(Reference_Lists!$H$13:$H$14,MATCH(G192,Reference_Lists!$G$13:$G$14,0)),"UNMATCHED") -> 15 | O192: =IF(AND(J192="Closed",ISNUMBER(M192),ISNUMBER(N192),M192>=0),M192<=N192,"NOT ASSESSED") -> TRUE | P192: =Raw_Data!A196 -> CFM-2026-0034 | Q192: =IFERROR(IF(OR($A192="",$P192=""),"MISSING ID",IF(EXACT($A192,$P192),"ALIGNED","MISMATCH")),"CHECK") -> ALIGNED
A193: CFM-2026-0090 | B193: =IF(Raw_Data!B197="","",IF(ISTEXT(Raw_Data!B197),IFERROR(DATE(VALUE(RIGHT(TRIM(Raw_Data!B197),4)),VALUE(MID(TRIM(Raw_Data!B197),4,2)),VALUE(LEFT(TRIM(Raw_Data!B197),2))),"CHECK"),Raw_Data!B197)) -> 46082 | C193: =IFERROR(INDEX(Reference_Lists!$C$23:$C$35,MATCH(PROPER(TRIM(Raw_Data!C197)),Reference_Lists!$B$23:$B$35,0)),"UNMATCHED") -> Suggestion Box | D193: =IFERROR(INDEX(Reference_Lists!$C$36:$C$50,MATCH(PROPER(TRIM(Raw_Data!D197)),Reference_Lists!$B$36:$B$50,0)),"UNMATCHED") -> Deir al-Balah | E193: =IF(Raw_Data!E197="","",Raw_Data!E197) -> Nutrition | F193: =IF(Raw_Data!F197="","",Raw_Data!F197) -> Suggestion | G193: =IF(Raw_Data!G197="","",Raw_Data!G197) -> Non-Sensitive | H193: =IFERROR(INDEX(Reference_Lists!$C$51:$C$57,MATCH(PROPER(TRIM(Raw_Data!H197)),Reference_Lists!$B$51:$B$57,0)),"UNMATCHED") -> Male | I193: =IF(Raw_Data!I197="","",Raw_Data!I197) -> 30-44 | J193: =IFERROR(INDEX(Reference_Lists!$C$58:$C$65,MATCH(PROPER(TRIM(Raw_Data!J197)),Reference_Lists!$B$58:$B$65,0)),"UNMATCHED") -> Closed | K193: =IF(Raw_Data!K197="","",IF(ISTEXT(Raw_Data!K197),IFERROR(DATE(VALUE(RIGHT(TRIM(Raw_Data!K197),4)),VALUE(MID(TRIM(Raw_Data!K197),4,2)),VALUE(LEFT(TRIM(Raw_Data!K197),2))),"CHECK"),Raw_Data!K197)) -> 46094 | L193: =IF(Raw_Data!L197="","",Raw_Data!L197) -> Requesting a screening session closer to the northern shelter. | M193: =IF(OR(B193="",K193=""),"",IFERROR(K193-B193,"CHECK")) -> 12 | N193: =IFERROR(INDEX(Reference_Lists!$H$13:$H$14,MATCH(G193,Reference_Lists!$G$13:$G$14,0)),"UNMATCHED") -> 15 | O193: =IF(AND(J193="Closed",ISNUMBER(M193),ISNUMBER(N193),M193>=0),M193<=N193,"NOT ASSESSED") -> TRUE | P193: =Raw_Data!A197 -> CFM-2026-0090 | Q193: =IFERROR(IF(OR($A193="",$P193=""),"MISSING ID",IF(EXACT($A193,$P193),"ALIGNED","MISMATCH")),"CHECK") -> ALIGNED
A194: CFM-2026-0470 | B194: =IF(Raw_Data!B198="","",IF(ISTEXT(Raw_Data!B198),IFERROR(DATE(VALUE(RIGHT(TRIM(Raw_Data!B198),4)),VALUE(MID(TRIM(Raw_Data!B198),4,2)),VALUE(LEFT(TRIM(Raw_Data!B198),2))),"CHECK"),Raw_Data!B198)) -> 46204 | C194: =IFERROR(INDEX(Reference_Lists!$C$23:$C$35,MATCH(PROPER(TRIM(Raw_Data!C198)),Reference_Lists!$B$23:$B$35,0)),"UNMATCHED") -> Suggestion Box | D194: =IFERROR(INDEX(Reference_Lists!$C$36:$C$50,MATCH(PROPER(TRIM(Raw_Data!D198)),Reference_Lists!$B$36:$B$50,0)),"UNMATCHED") -> Jabalia | E194: =IF(Raw_Data!E198="","",Raw_Data!E198) -> Shelter | F194: =IF(Raw_Data!F198="","",Raw_Data!F198) -> Appreciation | G194: =IF(Raw_Data!G198="","",Raw_Data!G198) -> Non-Sensitive | H194: =IFERROR(INDEX(Reference_Lists!$C$51:$C$57,MATCH(PROPER(TRIM(Raw_Data!H198)),Reference_Lists!$B$51:$B$57,0)),"UNMATCHED") -> Male | I194: =IF(Raw_Data!I198="","",Raw_Data!I198) -> 30-44 | J194: =IFERROR(INDEX(Reference_Lists!$C$58:$C$65,MATCH(PROPER(TRIM(Raw_Data!J198)),Reference_Lists!$B$58:$B$65,0)),"UNMATCHED") -> Open | K194: =IF(Raw_Data!K198="","",IF(ISTEXT(Raw_Data!K198),IFERROR(DATE(VALUE(RIGHT(TRIM(Raw_Data!K198),4)),VALUE(MID(TRIM(Raw_Data!K198),4,2)),VALUE(LEFT(TRIM(Raw_Data!K198),2))),"CHECK"),Raw_Data!K198)) | L194: =IF(Raw_Data!L198="","",Raw_Data!L198) -> Tarpaulin received is torn and does not cover the shelter area. | M194: =IF(OR(B194="",K194=""),"",IFERROR(K194-B194,"CHECK")) | N194: =IFERROR(INDEX(Reference_Lists!$H$13:$H$14,MATCH(G194,Reference_Lists!$G$13:$G$14,0)),"UNMATCHED") -> 15 | O194: =IF(AND(J194="Closed",ISNUMBER(M194),ISNUMBER(N194),M194>=0),M194<=N194,"NOT ASSESSED") -> NOT ASSESSED | P194: =Raw_Data!A198 -> CFM-2026-0470 | Q194: =IFERROR(IF(OR($A194="",$P194=""),"MISSING ID",IF(EXACT($A194,$P194),"ALIGNED","MISMATCH")),"CHECK") -> ALIGNED
A195: CFM-2026-0076 | B195: =IF(Raw_Data!B199="","",IF(ISTEXT(Raw_Data!B199),IFERROR(DATE(VALUE(RIGHT(TRIM(Raw_Data!B199),4)),VALUE(MID(TRIM(Raw_Data!B199),4,2)),VALUE(LEFT(TRIM(Raw_Data!B199),2))),"CHECK"),Raw_Data!B199)) -> 46058 | C195: =IFERROR(INDEX(Reference_Lists!$C$23:$C$35,MATCH(PROPER(TRIM(Raw_Data!C199)),Reference_Lists!$B$23:$B$35,0)),"UNMATCHED") -> Community Focal Point | D195: =IFERROR(INDEX(Reference_Lists!$C$36:$C$50,MATCH(PROPER(TRIM(Raw_Data!D199)),Reference_Lists!$B$36:$B$50,0)),"UNMATCHED") -> Nuseirat | E195: =IF(Raw_Data!E199="","",Raw_Data!E199) -> Health | F195: =IF(Raw_Data!F199="","",Raw_Data!F199) -> Request for Information | G195: =IF(Raw_Data!G199="","",Raw_Data!G199) -> Non-Sensitive | H195: =IFERROR(INDEX(Reference_Lists!$C$51:$C$57,MATCH(PROPER(TRIM(Raw_Data!H199)),Reference_Lists!$B$51:$B$57,0)),"UNMATCHED") -> Female | I195: =IF(Raw_Data!I199="","",Raw_Data!I199) -> 18-29 | J195: =IFERROR(INDEX(Reference_Lists!$C$58:$C$65,MATCH(PROPER(TRIM(Raw_Data!J199)),Reference_Lists!$B$58:$B$65,0)),"UNMATCHED") -> In Progress | K195: =IF(Raw_Data!K199="","",IF(ISTEXT(Raw_Data!K199),IFERROR(DATE(VALUE(RIGHT(TRIM(Raw_Data!K199),4)),VALUE(MID(TRIM(Raw_Data!K199),4,2)),VALUE(LEFT(TRIM(Raw_Data!K199),2))),"CHECK"),Raw_Data!K199)) | L195: =IF(Raw_Data!L199="","",Raw_Data!L199) -> Clinic opening hours are not clear to the community. | M195: =IF(OR(B195="",K195=""),"",IFERROR(K195-B195,"CHECK")) | N195: =IFERROR(INDEX(Reference_Lists!$H$13:$H$14,MATCH(G195,Reference_Lists!$G$13:$G$14,0)),"UNMATCHED") -> 15 | O195: =IF(AND(J195="Closed",ISNUMBER(M195),ISNUMBER(N195),M195>=0),M195<=N195,"NOT ASSESSED") -> NOT ASSESSED | P195: =Raw_Data!A199 -> CFM-2026-0076 | Q195: =IFERROR(IF(OR($A195="",$P195=""),"MISSING ID",IF(EXACT($A195,$P195),"ALIGNED","MISMATCH")),"CHECK") -> ALIGNED
... A205: CFM-2026-0368 | B205: =IF(Raw_Data!B209="","",IF(ISTEXT(Raw_Data!B209),IFERROR(DATE(VALUE(RIGHT(TRIM(Raw_Data!B209),4)),VALUE(MID(TRIM(Raw_Data!B209),4,2)),VALUE(LEFT(TRIM(Raw_Data!B209),2))),"CHECK"),Raw_Data!B209)) -> 46194 | C205: =IFERROR(INDEX(Reference_Lists!$C$23:$C$35,MATCH(PROPER(TRIM(Raw_Data!C209)),Reference_Lists!$B$23:$B$35,0)),"UNMATCHED") -> Phone Hotline | D205: =IFERROR(INDEX(Reference_Lists!$C$36:$C$50,MATCH(PROPER(TRIM(Raw_Data!D209)),Reference_Lists!$B$36:$B$50,0)),"UNMATCHED") -> Nuseirat | E205: =IF(Raw_Data!E209="","",Raw_Data!E209) -> Shelter | F205: =IF(Raw_Data!F209="","",Raw_Data!F209) -> Complaint | G205: =IF(Raw_Data!G209="","",Raw_Data!G209) -> Non-Sensitive | H205: =IFERROR(INDEX(Reference_Lists!$C$51:$C$57,MATCH(PROPER(TRIM(Raw_Data!H209)),Reference_Lists!$B$51:$B$57,0)),"UNMATCHED") -> Male | I205: =IF(Raw_Data!I209="","",Raw_Data!I209) -> 18-29 | J205: =IFERROR(INDEX(Reference_Lists!$C$58:$C$65,MATCH(PROPER(TRIM(Raw_Data!J209)),Reference_Lists!$B$58:$B$65,0)),"UNMATCHED") -> Closed | K205: =IF(Raw_Data!K209="","",IF(ISTEXT(Raw_Data!K209),IFERROR(DATE(VALUE(RIGHT(TRIM(Raw_Data!K209),4)),VALUE(MID(TRIM(Raw_Data!K209),4,2)),VALUE(LEFT(TRIM(Raw_Data!K209),2))),"CHECK"),Raw_Data!K209)) -> 46202 | L205: =IF(Raw_Data!L209="","",Raw_Data!L209) -> Tarpaulin received is torn and does not cover the shelter area. | M205: =IF(OR(B205="",K205=""),"",IFERROR(K205-B205,"CHECK")) -> 8 | N205: =IFERROR(INDEX(Reference_Lists!$H$13:$H$14,MATCH(G205,Reference_Lists!$G$13:$G$14,0)),"UNMATCHED") -> 15 | O205: =IF(AND(J205="Closed",ISNUMBER(M205),ISNUMBER(N205),M205>=0),M205<=N205,"NOT ASSESSED") -> TRUE | P205: =Raw_Data!A209 -> CFM-2026-0368 | Q205: =IFERROR(IF(OR($A205="",$P205=""),"MISSING ID",IF(EXACT($A205,$P205),"ALIGNED","MISMATCH")),"CHECK") -> ALIGNED
A206: CFM-2026-0288 | B206: =IF(Raw_Data!B211="","",IF(ISTEXT(Raw_Data!B211),IFERROR(DATE(VALUE(RIGHT(TRIM(Raw_Data!B211),4)),VALUE(MID(TRIM(Raw_Data!B211),4,2)),VALUE(LEFT(TRIM(Raw_Data!B211),2))),"CHECK"),Raw_Data!B211)) -> 46165 | C206: =IFERROR(INDEX(Reference_Lists!$C$23:$C$35,MATCH(PROPER(TRIM(Raw_Data!C211)),Reference_Lists!$B$23:$B$35,0)),"UNMATCHED") -> In-Person at Distribution | D206: =IFERROR(INDEX(Reference_Lists!$C$36:$C$50,MATCH(PROPER(TRIM(Raw_Data!D211)),Reference_Lists!$B$36:$B$50,0)),"UNMATCHED") -> Nuseirat | E206: =IF(Raw_Data!E211="","",Raw_Data!E211) -> Health | F206: =IF(Raw_Data!F211="","",Raw_Data!F211) -> Appreciation | G206: =IF(Raw_Data!G211="","",Raw_Data!G211) -> Non-Sensitive | H206: =IFERROR(INDEX(Reference_Lists!$C$51:$C$57,MATCH(PROPER(TRIM(Raw_Data!H211)),Reference_Lists!$B$51:$B$57,0)),"UNMATCHED") -> Female | I206: =IF(Raw_Data!I211="","",Raw_Data!I211) -> 45-59 | J206: =IFERROR(INDEX(Reference_Lists!$C$58:$C$65,MATCH(PROPER(TRIM(Raw_Data!J211)),Reference_Lists!$B$58:$B$65,0)),"UNMATCHED") -> In Progress | K206: =IF(Raw_Data!K211="","",IF(ISTEXT(Raw_Data!K211),IFERROR(DATE(VALUE(RIGHT(TRIM(Raw_Data!K211),4)),VALUE(MID(TRIM(Raw_Data!K211),4,2)),VALUE(LEFT(TRIM(Raw_Data!K211),2))),"CHECK"),Raw_Data!K211)) | L206: =IF(Raw_Data!L211="","",Raw_Data!L211) -> Clinic opening hours are not clear to the community. | M206: =IF(OR(B206="",K206=""),"",IFERROR(K206-B206,"CHECK")) | N206: =IFERROR(INDEX(Reference_Lists!$H$13:$H$14,MATCH(G206,Reference_Lists!$G$13:$G$14,0)),"UNMATCHED") -> 15 | O206: =IF(AND(J206="Closed",ISNUMBER(M206),ISNUMBER(N206),M206>=0),M206<=N206,"NOT ASSESSED") -> NOT ASSESSED | P206: =Raw_Data!A211 -> CFM-2026-0288 | Q206: =IFERROR(IF(OR($A206="",$P206=""),"MISSING ID",IF(EXACT($A206,$P206),"ALIGNED","MISMATCH")),"CHECK") -> ALIGNED
A207: CFM-2026-0295 | B207: =IF(Raw_Data!B212="","",IF(ISTEXT(Raw_Data!B212),IFERROR(DATE(VALUE(RIGHT(TRIM(Raw_Data!B212),4)),VALUE(MID(TRIM(Raw_Data!B212),4,2)),VALUE(LEFT(TRIM(Raw_Data!B212),2))),"CHECK"),Raw_Data!B212)) -> 46127 | C207: =IFERROR(INDEX(Reference_Lists!$C$23:$C$35,MATCH(PROPER(TRIM(Raw_Data!C212)),Reference_Lists!$B$23:$B$35,0)),"UNMATCHED") -> Community Focal Point | D207: =IFERROR(INDEX(Reference_Lists!$C$36:$C$50,MATCH(PROPER(TRIM(Raw_Data!D212)),Reference_Lists!$B$36:$B$50,0)),"UNMATCHED") -> Jabalia | E207: =IF(Raw_Data!E212="","",Raw_Data!E212) -> Food Security | F207: =IF(Raw_Data!F212="","",Raw_Data!F212) -> Complaint | G207: =IF(Raw_Data!G212="","",Raw_Data!G212) -> Non-Sensitive | H207: =IFERROR(INDEX(Reference_Lists!$C$51:$C$57,MATCH(PROPER(TRIM(Raw_Data!H212)),Reference_Lists!$B$51:$B$57,0)),"UNMATCHED") -> Male | I207: =IF(Raw_Data!I212="","",Raw_Data!I212) -> 30-44 | J207: =IFERROR(INDEX(Reference_Lists!$C$58:$C$65,MATCH(PROPER(TRIM(Raw_Data!J212)),Reference_Lists!$B$58:$B$65,0)),"UNMATCHED") -> In Progress | K207: =IF(Raw_Data!K212="","",IF(ISTEXT(Raw_Data!K212),IFERROR(DATE(VALUE(RIGHT(TRIM(Raw_Data!K212),4)),VALUE(MID(TRIM(Raw_Data!K212),4,2)),VALUE(LEFT(TRIM(Raw_Data!K212),2))),"CHECK"),Raw_Data!K212)) | L207: =IF(Raw_Data!L212="","",Raw_Data!L212) -> Asking how the beneficiary list for the next round is prepared. | M207: =IF(OR(B207="",K207=""),"",IFERROR(K207-B207,"CHECK")) | N207: =IFERROR(INDEX(Reference_Lists!$H$13:$H$14,MATCH(G207,Reference_Lists!$G$13:$G$14,0)),"UNMATCHED") -> 15 | O207: =IF(AND(J207="Closed",ISNUMBER(M207),ISNUMBER(N207),M207>=0),M207<=N207,"NOT ASSESSED") -> NOT ASSESSED | P207: =Raw_Data!A212 -> CFM-2026-0295 | Q207: =IFERROR(IF(OR($A207="",$P207=""),"MISSING ID",IF(EXACT($A207,$P207),"ALIGNED","MISMATCH")),"CHECK") -> ALIGNED
A208: CFM-2026-0008 | B208: =IF(Raw_Data!B213="","",IF(ISTEXT(Raw_Data!B213),IFERROR(DATE(VALUE(RIGHT(TRIM(Raw_Data!B213),4)),VALUE(MID(TRIM(Raw_Data!B213),4,2)),VALUE(LEFT(TRIM(Raw_Data!B213),2))),"CHECK"),Raw_Data!B213)) -> 46065 | C208: =IFERROR(INDEX(Reference_Lists!$C$23:$C$35,MATCH(PROPER(TRIM(Raw_Data!C213)),Reference_Lists!$B$23:$B$35,0)),"UNMATCHED") -> Community Focal Point | D208: =IFERROR(INDEX(Reference_Lists!$C$36:$C$50,MATCH(PROPER(TRIM(Raw_Data!D213)),Reference_Lists!$B$36:$B$50,0)),"UNMATCHED") -> Rafah | E208: =IF(Raw_Data!E213="","",Raw_Data!E213) -> Health | F208: =IF(Raw_Data!F213="","",Raw_Data!F213) -> Sensitive Complaint | G208: =IF(Raw_Data!G213="","",Raw_Data!G213) -> Sensitive | H208: =IFERROR(INDEX(Reference_Lists!$C$51:$C$57,MATCH(PROPER(TRIM(Raw_Data!H213)),Reference_Lists!$B$51:$B$57,0)),"UNMATCHED") -> Male | I208: =IF(Raw_Data!I213="","",Raw_Data!I213) -> 30-44 | J208: =IFERROR(INDEX(Reference_Lists!$C$58:$C$65,MATCH(PROPER(TRIM(Raw_Data!J213)),Reference_Lists!$B$58:$B$65,0)),"UNMATCHED") -> In Progress | K208: =IF(Raw_Data!K213="","",IF(ISTEXT(Raw_Data!K213),IFERROR(DATE(VALUE(RIGHT(TRIM(Raw_Data!K213),4)),VALUE(MID(TRIM(Raw_Data!K213),4,2)),VALUE(LEFT(TRIM(Raw_Data!K213),2))),"CHECK"),Raw_Data!K213)) | L208: =IF(Raw_Data!L213="","",Raw_Data!L213) -> Sensitive case - details recorded separately by the focal point; not stored in this tracker. | M208: =IF(OR(B208="",K208=""),"",IFERROR(K208-B208,"CHECK")) | N208: =IFERROR(INDEX(Reference_Lists!$H$13:$H$14,MATCH(G208,Reference_Lists!$G$13:$G$14,0)),"UNMATCHED") -> 3 | O208: =IF(AND(J208="Closed",ISNUMBER(M208),ISNUMBER(N208),M208>=0),M208<=N208,"NOT ASSESSED") -> NOT ASSESSED | P208: =Raw_Data!A213 -> CFM-2026-0008 | Q208: =IFERROR(IF(OR($A208="",$P208=""),"MISSING ID",IF(EXACT($A208,$P208),"ALIGNED","MISMATCH")),"CHECK") -> ALIGNED
A209: CFM-2026-0107 | B209: =IF(Raw_Data!B214="","",IF(ISTEXT(Raw_Data!B214),IFERROR(DATE(VALUE(RIGHT(TRIM(Raw_Data!B214),4)),VALUE(MID(TRIM(Raw_Data!B214),4,2)),VALUE(LEFT(TRIM(Raw_Data!B214),2))),"CHECK"),Raw_Data!B214)) -> 46040 | C209: =IFERROR(INDEX(Reference_Lists!$C$23:$C$35,MATCH(PROPER(TRIM(Raw_Data!C214)),Reference_Lists!$B$23:$B$35,0)),"UNMATCHED") -> Suggestion Box | D209: =IFERROR(INDEX(Reference_Lists!$C$36:$C$50,MATCH(PROPER(TRIM(Raw_Data!D214)),Reference_Lists!$B$36:$B$50,0)),"UNMATCHED") -> Gaza City | E209: =IF(Raw_Data!E214="","",Raw_Data!E214) -> WASH | F209: =IF(Raw_Data!F214="","",Raw_Data!F214) -> Complaint | G209: =IF(Raw_Data!G214="","",Raw_Data!G214) -> Non-Sensitive | H209: =IFERROR(INDEX(Reference_Lists!$C$51:$C$57,MATCH(PROPER(TRIM(Raw_Data!H214)),Reference_Lists!$B$51:$B$57,0)),"UNMATCHED") -> Female | I209: =IF(Raw_Data!I214="","",Raw_Data!I214) -> 45-59 | J209: =IFERROR(INDEX(Reference_Lists!$C$58:$C$65,MATCH(PROPER(TRIM(Raw_Data!J214)),Reference_Lists!$B$58:$B$65,0)),"UNMATCHED") -> Closed | K209: =IF(Raw_Data!K214="","",IF(ISTEXT(Raw_Data!K214),IFERROR(DATE(VALUE(RIGHT(TRIM(Raw_Data!K214),4)),VALUE(MID(TRIM(Raw_Data!K214),4,2)),VALUE(LEFT(TRIM(Raw_Data!K214),2))),"CHECK"),Raw_Data!K214)) -> 46051 | L209: =IF(Raw_Data!L214="","",Raw_Data!L214) -> Latrine at the site block needs cleaning and lighting at night. | M209: =IF(OR(B209="",K209=""),"",IFERROR(K209-B209,"CHECK")) -> 11 | N209: =IFERROR(INDEX(Reference_Lists!$H$13:$H$14,MATCH(G209,Reference_Lists!$G$13:$G$14,0)),"UNMATCHED") -> 15 | O209: =IF(AND(J209="Closed",ISNUMBER(M209),ISNUMBER(N209),M209>=0),M209<=N209,"NOT ASSESSED") -> TRUE | P209: =Raw_Data!A214 -> CFM-2026-0107 | Q209: =IFERROR(IF(OR($A209="",$P209=""),"MISSING ID",IF(EXACT($A209,$P209),"ALIGNED","MISMATCH")),"CHECK") -> ALIGNED
A210: CFM-2026-0307 | B210: =IF(Raw_Data!B215="","",IF(ISTEXT(Raw_Data!B215),IFERROR(DATE(VALUE(RIGHT(TRIM(Raw_Data!B215),4)),VALUE(MID(TRIM(Raw_Data!B215),4,2)),VALUE(LEFT(TRIM(Raw_Data!B215),2))),"CHECK"),Raw_Data!B215)) -> 46117 | C210: =IFERROR(INDEX(Reference_Lists!$C$23:$C$35,MATCH(PROPER(TRIM(Raw_Data!C215)),Reference_Lists!$B$23:$B$35,0)),"UNMATCHED") -> In-Person at Distribution | D210: =IFERROR(INDEX(Reference_Lists!$C$36:$C$50,MATCH(PROPER(TRIM(Raw_Data!D215)),Reference_Lists!$B$36:$B$50,0)),"UNMATCHED") -> Rafah | E210: =IF(Raw_Data!E215="","",Raw_Data!E215) -> Shelter | F210: =IF(Raw_Data!F215="","",Raw_Data!F215) -> Request for Information | G210: =IF(Raw_Data!G215="","",Raw_Data!G215) -> Non-Sensitive | H210: =IFERROR(INDEX(Reference_Lists!$C$51:$C$57,MATCH(PROPER(TRIM(Raw_Data!H215)),Reference_Lists!$B$51:$B$57,0)),"UNMATCHED") -> Male | I210: =IF(Raw_Data!I215="","",Raw_Data!I215) -> 45-59 | J210: =IFERROR(INDEX(Reference_Lists!$C$58:$C$65,MATCH(PROPER(TRIM(Raw_Data!J215)),Reference_Lists!$B$58:$B$65,0)),"UNMATCHED") -> Closed | K210: =IF(Raw_Data!K215="","",IF(ISTEXT(Raw_Data!K215),IFERROR(DATE(VALUE(RIGHT(TRIM(Raw_Data!K215),4)),VALUE(MID(TRIM(Raw_Data!K215),4,2)),VALUE(LEFT(TRIM(Raw_Data!K215),2))),"CHECK"),Raw_Data!K215)) -> 46141 | L210: =IF(Raw_Data!L215="","",Raw_Data!L215) -> Shelter kit delivered on time and the team explained the use clearly. | M210: =IF(OR(B210="",K210=""),"",IFERROR(K210-B210,"CHECK")) -> 24 | N210: =IFERROR(INDEX(Reference_Lists!$H$13:$H$14,MATCH(G210,Reference_Lists!$G$13:$G$14,0)),"UNMATCHED") -> 15 | O210: =IF(AND(J210="Closed",ISNUMBER(M210),ISNUMBER(N210),M210>=0),M210<=N210,"NOT ASSESSED") -> FALSE | P210: =Raw_Data!A215 -> CFM-2026-0307 | Q210: =IFERROR(IF(OR($A210="",$P210=""),"MISSING ID",IF(EXACT($A210,$P210),"ALIGNED","MISMATCH")),"CHECK") -> ALIGNED
A211: CFM-2026-0451 | B211: =IF(Raw_Data!B217="","",IF(ISTEXT(Raw_Data!B217),IFERROR(DATE(VALUE(RIGHT(TRIM(Raw_Data!B217),4)),VALUE(MID(TRIM(Raw_Data!B217),4,2)),VALUE(LEFT(TRIM(Raw_Data!B217),2))),"CHECK"),Raw_Data!B217)) -> 46150 | C211: =IFERROR(INDEX(Reference_Lists!$C$23:$C$35,MATCH(PROPER(TRIM(Raw_Data!C217)),Reference_Lists!$B$23:$B$35,0)),"UNMATCHED") -> Phone Hotline | D211: =IFERROR(INDEX(Reference_Lists!$C$36:$C$50,MATCH(PROPER(TRIM(Raw_Data!D217)),Reference_Lists!$B$36:$B$50,0)),"UNMATCHED") -> Gaza City | E211: =IF(Raw_Data!E217="","",Raw_Data!E217) -> Nutrition | F211: =IF(Raw_Data!F217="","",Raw_Data!F217) -> Request for Information | G211: =IF(Raw_Data!G217="","",Raw_Data!G217) -> Non-Sensitive | H211: =IFERROR(INDEX(Reference_Lists!$C$51:$C$57,MATCH(PROPER(TRIM(Raw_Data!H217)),Reference_Lists!$B$51:$B$57,0)),"UNMATCHED") -> Female | I211: =IF(Raw_Data!I217="","",Raw_Data!I217) | J211: =IFERROR(INDEX(Reference_Lists!$C$58:$C$65,MATCH(PROPER(TRIM(Raw_Data!J217)),Reference_Lists!$B$58:$B$65,0)),"UNMATCHED") -> Referred | K211: =IF(Raw_Data!K217="","",IF(ISTEXT(Raw_Data!K217),IFERROR(DATE(VALUE(RIGHT(TRIM(Raw_Data!K217),4)),VALUE(MID(TRIM(Raw_Data!K217),4,2)),VALUE(LEFT(TRIM(Raw_Data!K217),2))),"CHECK"),Raw_Data!K217)) | L211: =IF(Raw_Data!L217="","",Raw_Data!L217) -> Requesting a screening session closer to the northern shelter. | M211: =IF(OR(B211="",K211=""),"",IFERROR(K211-B211,"CHECK")) | N211: =IFERROR(INDEX(Reference_Lists!$H$13:$H$14,MATCH(G211,Reference_Lists!$G$13:$G$14,0)),"UNMATCHED") -> 15 | O211: =IF(AND(J211="Closed",ISNUMBER(M211),ISNUMBER(N211),M211>=0),M211<=N211,"NOT ASSESSED") -> NOT ASSESSED | P211: =Raw_Data!A217 -> CFM-2026-0451 | Q211: =IFERROR(IF(OR($A211="",$P211=""),"MISSING ID",IF(EXACT($A211,$P211),"ALIGNED","MISMATCH")),"CHECK") -> ALIGNED
A212: CFM-2026-0269 | B212: =IF(Raw_Data!B218="","",IF(ISTEXT(Raw_Data!B218),IFERROR(DATE(VALUE(RIGHT(TRIM(Raw_Data!B218),4)),VALUE(MID(TRIM(Raw_Data!B218),4,2)),VALUE(LEFT(TRIM(Raw_Data!B218),2))),"CHECK"),Raw_Data!B218)) -> 46104 | C212: =IFERROR(INDEX(Reference_Lists!$C$23:$C$35,MATCH(PROPER(TRIM(Raw_Data!C218)),Reference_Lists!$B$23:$B$35,0)),"UNMATCHED") -> Phone Hotline | D212: =IFERROR(INDEX(Reference_Lists!$C$36:$C$50,MATCH(PROPER(TRIM(Raw_Data!D218)),Reference_Lists!$B$36:$B$50,0)),"UNMATCHED") -> Gaza City | E212: =IF(Raw_Data!E218="","",Raw_Data!E218) -> Nutrition | F212: =IF(Raw_Data!F218="","",Raw_Data!F218) -> Request for Information | G212: =IF(Raw_Data!G218="","",Raw_Data!G218) -> Non-Sensitive | H212: =IFERROR(INDEX(Reference_Lists!$C$51:$C$57,MATCH(PROPER(TRIM(Raw_Data!H218)),Reference_Lists!$B$51:$B$57,0)),"UNMATCHED") -> Male | I212: =IF(Raw_Data!I218="","",Raw_Data!I218) -> 18-29 | J212: =IFERROR(INDEX(Reference_Lists!$C$58:$C$65,MATCH(PROPER(TRIM(Raw_Data!J218)),Reference_Lists!$B$58:$B$65,0)),"UNMATCHED") -> Closed | K212: =IF(Raw_Data!K218="","",IF(ISTEXT(Raw_Data!K218),IFERROR(DATE(VALUE(RIGHT(TRIM(Raw_Data!K218),4)),VALUE(MID(TRIM(Raw_Data!K218),4,2)),VALUE(LEFT(TRIM(Raw_Data!K218),2))),"CHECK"),Raw_Data!K218)) -> 46106 | L212: =IF(Raw_Data!L218="","",Raw_Data!L218) -> Supplement was received but the guidance sheet was in English only. | M212: =IF(OR(B212="",K212=""),"",IFERROR(K212-B212,"CHECK")) -> 2 | N212: =IFERROR(INDEX(Reference_Lists!$H$13:$H$14,MATCH(G212,Reference_Lists!$G$13:$G$14,0)),"UNMATCHED") -> 15 | O212: =IF(AND(J212="Closed",ISNUMBER(M212),ISNUMBER(N212),M212>=0),M212<=N212,"NOT ASSESSED") -> TRUE | P212: =Raw_Data!A218 -> CFM-2026-0269 | Q212: =IFERROR(IF(OR($A212="",$P212=""),"MISSING ID",IF(EXACT($A212,$P212),"ALIGNED","MISMATCH")),"CHECK") -> ALIGNED
A213: CFM-2026-0139 | B213: =IF(Raw_Data!B219="","",IF(ISTEXT(Raw_Data!B219),IFERROR(DATE(VALUE(RIGHT(TRIM(Raw_Data!B219),4)),VALUE(MID(TRIM(Raw_Data!B219),4,2)),VALUE(LEFT(TRIM(Raw_Data!B219),2))),"CHECK"),Raw_Data!B219)) -> 46179 | C213: =IFERROR(INDEX(Reference_Lists!$C$23:$C$35,MATCH(PROPER(TRIM(Raw_Data!C219)),Reference_Lists!$B$23:$B$35,0)),"UNMATCHED") -> Phone Hotline | D213: =IFERROR(INDEX(Reference_Lists!$C$36:$C$50,MATCH(PROPER(TRIM(Raw_Data!D219)),Reference_Lists!$B$36:$B$50,0)),"UNMATCHED") -> Nuseirat | E213: =IF(Raw_Data!E219="","",Raw_Data!E219) -> Shelter | F213: =IF(Raw_Data!F219="","",Raw_Data!F219) -> Complaint | G213: =IF(Raw_Data!G219="","",Raw_Data!G219) -> Non-Sensitive | H213: =IFERROR(INDEX(Reference_Lists!$C$51:$C$57,MATCH(PROPER(TRIM(Raw_Data!H219)),Reference_Lists!$B$51:$B$57,0)),"UNMATCHED") -> Female | I213: =IF(Raw_Data!I219="","",Raw_Data!I219) -> 18-29 | J213: =IFERROR(INDEX(Reference_Lists!$C$58:$C$65,MATCH(PROPER(TRIM(Raw_Data!J219)),Reference_Lists!$B$58:$B$65,0)),"UNMATCHED") -> Closed | K213: =IF(Raw_Data!K219="","",IF(ISTEXT(Raw_Data!K219),IFERROR(DATE(VALUE(RIGHT(TRIM(Raw_Data!K219),4)),VALUE(MID(TRIM(Raw_Data!K219),4,2)),VALUE(LEFT(TRIM(Raw_Data!K219),2))),"CHECK"),Raw_Data!K219)) -> 46198 | L213: =IF(Raw_Data!L219="","",Raw_Data!L219) -> Shelter kit delivered on time and the team explained the use clearly. | M213: =IF(OR(B213="",K213=""),"",IFERROR(K213-B213,"CHECK")) -> 19 | N213: =IFERROR(INDEX(Reference_Lists!$H$13:$H$14,MATCH(G213,Reference_Lists!$G$13:$G$14,0)),"UNMATCHED") -> 15 | O213: =IF(AND(J213="Closed",ISNUMBER(M213),ISNUMBER(N213),M213>=0),M213<=N213,"NOT ASSESSED") -> FALSE | P213: =Raw_Data!A219 -> CFM-2026-0139 | Q213: =IFERROR(IF(OR($A213="",$P213=""),"MISSING ID",IF(EXACT($A213,$P213),"ALIGNED","MISMATCH")),"CHECK") -> ALIGNED
A214: CFM-2026-0297 | B214: =IF(Raw_Data!B220="","",IF(ISTEXT(Raw_Data!B220),IFERROR(DATE(VALUE(RIGHT(TRIM(Raw_Data!B220),4)),VALUE(MID(TRIM(Raw_Data!B220),4,2)),VALUE(LEFT(TRIM(Raw_Data!B220),2))),"CHECK"),Raw_Data!B220)) -> 46185 | C214: =IFERROR(INDEX(Reference_Lists!$C$23:$C$35,MATCH(PROPER(TRIM(Raw_Data!C220)),Reference_Lists!$B$23:$B$35,0)),"UNMATCHED") -> Suggestion Box | D214: =IFERROR(INDEX(Reference_Lists!$C$36:$C$50,MATCH(PROPER(TRIM(Raw_Data!D220)),Reference_Lists!$B$36:$B$50,0)),"UNMATCHED") -> Deir al-Balah | E214: =IF(Raw_Data!E220="","",Raw_Data!E220) -> Nutrition | F214: =IF(Raw_Data!F220="","",Raw_Data!F220) -> Request for Information | G214: =IF(Raw_Data!G220="","",Raw_Data!G220) -> Non-Sensitive | H214: =IFERROR(INDEX(Reference_Lists!$C$51:$C$57,MATCH(PROPER(TRIM(Raw_Data!H220)),Reference_Lists!$B$51:$B$57,0)),"UNMATCHED") -> Female | I214: =IF(Raw_Data!I220="","",Raw_Data!I220) -> Under 18 | J214: =IFERROR(INDEX(Reference_Lists!$C$58:$C$65,MATCH(PROPER(TRIM(Raw_Data!J220)),Reference_Lists!$B$58:$B$65,0)),"UNMATCHED") -> Closed | K214: =IF(Raw_Data!K220="","",IF(ISTEXT(Raw_Data!K220),IFERROR(DATE(VALUE(RIGHT(TRIM(Raw_Data!K220),4)),VALUE(MID(TRIM(Raw_Data!K220),4,2)),VALUE(LEFT(TRIM(Raw_Data!K220),2))),"CHECK"),Raw_Data!K220)) -> 46204 | L214: =IF(Raw_Data!L220="","",Raw_Data!L220) -> Asking whether children above five are included in the screening. | M214: =IF(OR(B214="",K214=""),"",IFERROR(K214-B214,"CHECK")) -> 19 | N214: =IFERROR(INDEX(Reference_Lists!$H$13:$H$14,MATCH(G214,Reference_Lists!$G$13:$G$14,0)),"UNMATCHED") -> 15 | O214: =IF(AND(J214="Closed",ISNUMBER(M214),ISNUMBER(N214),M214>=0),M214<=N214,"NOT ASSESSED") -> FALSE | P214: =Raw_Data!A220 -> CFM-2026-0297 | Q214: =IFERROR(IF(OR($A214="",$P214=""),"MISSING ID",IF(EXACT($A214,$P214),"ALIGNED","MISMATCH")),"CHECK") -> ALIGNED
A215: CFM-2026-0374 | B215: =IF(Raw_Data!B221="","",IF(ISTEXT(Raw_Data!B221),IFERROR(DATE(VALUE(RIGHT(TRIM(Raw_Data!B221),4)),VALUE(MID(TRIM(Raw_Data!B221),4,2)),VALUE(LEFT(TRIM(Raw_Data!B221),2))),"CHECK"),Raw_Data!B221)) -> 46181 | C215: =IFERROR(INDEX(Reference_Lists!$C$23:$C$35,MATCH(PROPER(TRIM(Raw_Data!C221)),Reference_Lists!$B$23:$B$35,0)),"UNMATCHED") -> Community Focal Point | D215: =IFERROR(INDEX(Reference_Lists!$C$36:$C$50,MATCH(PROPER(TRIM(Raw_Data!D221)),Reference_Lists!$B$36:$B$50,0)),"UNMATCHED") -> Deir al-Balah | E215: =IF(Raw_Data!E221="","",Raw_Data!E221) -> Shelter | F215: =IF(Raw_Data!F221="","",Raw_Data!F221) -> Request for Information | G215: =IF(Raw_Data!G221="","",Raw_Data!G221) -> Non-Sensitive | H215: =IFERROR(INDEX(Reference_Lists!$C$51:$C$57,MATCH(PROPER(TRIM(Raw_Data!H221)),Reference_Lists!$B$51:$B$57,0)),"UNMATCHED") -> Female | I215: =IF(Raw_Data!I221="","",Raw_Data!I221) -> 18-29 | J215: =IFERROR(INDEX(Reference_Lists!$C$58:$C$65,MATCH(PROPER(TRIM(Raw_Data!J221)),Reference_Lists!$B$58:$B$65,0)),"UNMATCHED") -> Closed | K215: =IF(Raw_Data!K221="","",IF(ISTEXT(Raw_Data!K221),IFERROR(DATE(VALUE(RIGHT(TRIM(Raw_Data!K221),4)),VALUE(MID(TRIM(Raw_Data!K221),4,2)),VALUE(LEFT(TRIM(Raw_Data!K221),2))),"CHECK"),Raw_Data!K221)) -> 46204 | L215: =IF(Raw_Data!L221="","",Raw_Data!L221) -> Tarpaulin received is torn and does not cover the shelter area. | M215: =IF(OR(B215="",K215=""),"",IFERROR(K215-B215,"CHECK")) -> 23 | N215: =IFERROR(INDEX(Reference_Lists!$H$13:$H$14,MATCH(G215,Reference_Lists!$G$13:$G$14,0)),"UNMATCHED") -> 15 | O215: =IF(AND(J215="Closed",ISNUMBER(M215),ISNUMBER(N215),M215>=0),M215<=N215,"NOT ASSESSED") -> FALSE | P215: =Raw_Data!A221 -> CFM-2026-0374 | Q215: =IFERROR(IF(OR($A215="",$P215=""),"MISSING ID",IF(EXACT($A215,$P215),"ALIGNED","MISMATCH")),"CHECK") -> ALIGNED
A216: CFM-2026-0227 | B216: =IF(Raw_Data!B222="","",IF(ISTEXT(Raw_Data!B222),IFERROR(DATE(VALUE(RIGHT(TRIM(Raw_Data!B222),4)),VALUE(MID(TRIM(Raw_Data!B222),4,2)),VALUE(LEFT(TRIM(Raw_Data!B222),2))),"CHECK"),Raw_Data!B222)) -> 46066 | C216: =IFERROR(INDEX(Reference_Lists!$C$23:$C$35,MATCH(PROPER(TRIM(Raw_Data!C222)),Reference_Lists!$B$23:$B$35,0)),"UNMATCHED") -> Help Desk | D216: =IFERROR(INDEX(Reference_Lists!$C$36:$C$50,MATCH(PROPER(TRIM(Raw_Data!D222)),Reference_Lists!$B$36:$B$50,0)),"UNMATCHED") -> Gaza City | E216: =IF(Raw_Data!E222="","",Raw_Data!E222) -> Shelter | F216: =IF(Raw_Data!F222="","",Raw_Data!F222) -> Request for Information | G216: =IF(Raw_Data!G222="","",Raw_Data!G222) -> Non-Sensitive | H216: =IFERROR(INDEX(Reference_Lists!$C$51:$C$57,MATCH(PROPER(TRIM(Raw_Data!H222)),Reference_Lists!$B$51:$B$57,0)),"UNMATCHED") -> Male | I216: =IF(Raw_Data!I222="","",Raw_Data!I222) -> 30-44 | J216: =IFERROR(INDEX(Reference_Lists!$C$58:$C$65,MATCH(PROPER(TRIM(Raw_Data!J222)),Reference_Lists!$B$58:$B$65,0)),"UNMATCHED") -> Closed | K216: =IF(Raw_Data!K222="","",IF(ISTEXT(Raw_Data!K222),IFERROR(DATE(VALUE(RIGHT(TRIM(Raw_Data!K222),4)),VALUE(MID(TRIM(Raw_Data!K222),4,2)),VALUE(LEFT(TRIM(Raw_Data!K222),2))),"CHECK"),Raw_Data!K222)) -> 46062 | L216: =IF(Raw_Data!L222="","",Raw_Data!L222) -> Shelter kit delivered on time and the team explained the use clearly. | M216: =IF(OR(B216="",K216=""),"",IFERROR(K216-B216,"CHECK")) -> -4 | N216: =IFERROR(INDEX(Reference_Lists!$H$13:$H$14,MATCH(G216,Reference_Lists!$G$13:$G$14,0)),"UNMATCHED") -> 15 | O216: =IF(AND(J216="Closed",ISNUMBER(M216),ISNUMBER(N216),M216>=0),M216<=N216,"NOT ASSESSED") -> NOT ASSESSED | P216: =Raw_Data!A222 -> CFM-2026-0227 | Q216: =IFERROR(IF(OR($A216="",$P216=""),"MISSING ID",IF(EXACT($A216,$P216),"ALIGNED","MISMATCH")),"CHECK") -> ALIGNED
A217: CFM-2026-0426 | B217: =IF(Raw_Data!B223="","",IF(ISTEXT(Raw_Data!B223),IFERROR(DATE(VALUE(RIGHT(TRIM(Raw_Data!B223),4)),VALUE(MID(TRIM(Raw_Data!B223),4,2)),VALUE(LEFT(TRIM(Raw_Data!B223),2))),"CHECK"),Raw_Data!B223)) -> 46111 | C217: =IFERROR(INDEX(Reference_Lists!$C$23:$C$35,MATCH(PROPER(TRIM(Raw_Data!C223)),Reference_Lists!$B$23:$B$35,0)),"UNMATCHED") -> Help Desk | D217: =IFERROR(INDEX(Reference_Lists!$C$36:$C$50,MATCH(PROPER(TRIM(Raw_Data!D223)),Reference_Lists!$B$36:$B$50,0)),"UNMATCHED") -> Jabalia | E217: =IF(Raw_Data!E223="","",Raw_Data!E223) -> Health | F217: =IF(Raw_Data!F223="","",Raw_Data!F223) -> Complaint | G217: =IF(Raw_Data!G223="","",Raw_Data!G223) -> Non-Sensitive | H217: =IFERROR(INDEX(Reference_Lists!$C$51:$C$57,MATCH(PROPER(TRIM(Raw_Data!H223)),Reference_Lists!$B$51:$B$57,0)),"UNMATCHED") -> Male | I217: =IF(Raw_Data!I223="","",Raw_Data!I223) -> Under 18 | J217: =IFERROR(INDEX(Reference_Lists!$C$58:$C$65,MATCH(PROPER(TRIM(Raw_Data!J223)),Reference_Lists!$B$58:$B$65,0)),"UNMATCHED") -> In Progress | K217: =IF(Raw_Data!K223="","",IF(ISTEXT(Raw_Data!K223),IFERROR(DATE(VALUE(RIGHT(TRIM(Raw_Data!K223),4)),VALUE(MID(TRIM(Raw_Data!K223),4,2)),VALUE(LEFT(TRIM(Raw_Data!K223),2))),"CHECK"),Raw_Data!K223)) | L217: =IF(Raw_Data!L223="","",Raw_Data!L223) -> Requesting a referral pathway for a family member with limited mobility. | M217: =IF(OR(B217="",K217=""),"",IFERROR(K217-B217,"CHECK")) | N217: =IFERROR(INDEX(Reference_Lists!$H$13:$H$14,MATCH(G217,Reference_Lists!$G$13:$G$14,0)),"UNMATCHED") -> 15 | O217: =IF(AND(J217="Closed",ISNUMBER(M217),ISNUMBER(N217),M217>=0),M217<=N217,"NOT ASSESSED") -> NOT ASSESSED | P217: =Raw_Data!A223 -> CFM-2026-0426 | Q217: =IFERROR(IF(OR($A217="",$P217=""),"MISSING ID",IF(EXACT($A217,$P217),"ALIGNED","MISMATCH")),"CHECK") -> ALIGNED
A218: CFM-2026-0331 | B218: =IF(Raw_Data!B224="","",IF(ISTEXT(Raw_Data!B224),IFERROR(DATE(VALUE(RIGHT(TRIM(Raw_Data!B224),4)),VALUE(MID(TRIM(Raw_Data!B224),4,2)),VALUE(LEFT(TRIM(Raw_Data!B224),2))),"CHECK"),Raw_Data!B224)) -> 46081 | C218: =IFERROR(INDEX(Reference_Lists!$C$23:$C$35,MATCH(PROPER(TRIM(Raw_Data!C224)),Reference_Lists!$B$23:$B$35,0)),"UNMATCHED") -> Suggestion Box | D218: =IFERROR(INDEX(Reference_Lists!$C$36:$C$50,MATCH(PROPER(TRIM(Raw_Data!D224)),Reference_Lists!$B$36:$B$50,0)),"UNMATCHED") -> Deir al-Balah | E218: =IF(Raw_Data!E224="","",Raw_Data!E224) -> Shelter | F218: =IF(Raw_Data!F224="","",Raw_Data!F224) -> Complaint | G218: =IF(Raw_Data!G224="","",Raw_Data!G224) -> Non-Sensitive | H218: =IFERROR(INDEX(Reference_Lists!$C$51:$C$57,MATCH(PROPER(TRIM(Raw_Data!H224)),Reference_Lists!$B$51:$B$57,0)),"UNMATCHED") -> Female | I218: =IF(Raw_Data!I224="","",Raw_Data!I224) -> 45-59 | J218: =IFERROR(INDEX(Reference_Lists!$C$58:$C$65,MATCH(PROPER(TRIM(Raw_Data!J224)),Reference_Lists!$B$58:$B$65,0)),"UNMATCHED") -> Closed | K218: =IF(Raw_Data!K224="","",IF(ISTEXT(Raw_Data!K224),IFERROR(DATE(VALUE(RIGHT(TRIM(Raw_Data!K224),4)),VALUE(MID(TRIM(Raw_Data!K224),4,2)),VALUE(LEFT(TRIM(Raw_Data!K224),2))),"CHECK"),Raw_Data!K224)) -> 46107 | L218: =IF(Raw_Data!L224="","",Raw_Data!L224) -> Shelter kit delivered on time and the team explained the use clearly. | M218: =IF(OR(B218="",K218=""),"",IFERROR(K218-B218,"CHECK")) -> 26 | N218: =IFERROR(INDEX(Reference_Lists!$H$13:$H$14,MATCH(G218,Reference_Lists!$G$13:$G$14,0)),"UNMATCHED") -> 15 | O218: =IF(AND(J218="Closed",ISNUMBER(M218),ISNUMBER(N218),M218>=0),M218<=N218,"NOT ASSESSED") -> FALSE | P218: =Raw_Data!A224 -> CFM-2026-0331 | Q218: =IFERROR(IF(OR($A218="",$P218=""),"MISSING ID",IF(EXACT($A218,$P218),"ALIGNED","MISMATCH")),"CHECK") -> ALIGNED
A219: CFM-2026-0099 | B219: =IF(Raw_Data!B225="","",IF(ISTEXT(Raw_Data!B225),IFERROR(DATE(VALUE(RIGHT(TRIM(Raw_Data!B225),4)),VALUE(MID(TRIM(Raw_Data!B225),4,2)),VALUE(LEFT(TRIM(Raw_Data!B225),2))),"CHECK"),Raw_Data!B225)) -> 46159 | C219: =IFERROR(INDEX(Reference_Lists!$C$23:$C$35,MATCH(PROPER(TRIM(Raw_Data!C225)),Reference_Lists!$B$23:$B$35,0)),"UNMATCHED") -> Phone Hotline | D219: =IFERROR(INDEX(Reference_Lists!$C$36:$C$50,MATCH(PROPER(TRIM(Raw_Data!D225)),Reference_Lists!$B$36:$B$50,0)),"UNMATCHED") -> Gaza City | E219: =IF(Raw_Data!E225="","",Raw_Data!E225) -> Nutrition | F219: =IF(Raw_Data!F225="","",Raw_Data!F225) -> Appreciation | G219: =IF(Raw_Data!G225="","",Raw_Data!G225) -> Non-Sensitive | H219: =IFERROR(INDEX(Reference_Lists!$C$51:$C$57,MATCH(PROPER(TRIM(Raw_Data!H225)),Reference_Lists!$B$51:$B$57,0)),"UNMATCHED") -> Female | I219: =IF(Raw_Data!I225="","",Raw_Data!I225) | J219: =IFERROR(INDEX(Reference_Lists!$C$58:$C$65,MATCH(PROPER(TRIM(Raw_Data!J225)),Reference_Lists!$B$58:$B$65,0)),"UNMATCHED") -> Open | K219: =IF(Raw_Data!K225="","",IF(ISTEXT(Raw_Data!K225),IFERROR(DATE(VALUE(RIGHT(TRIM(Raw_Data!K225),4)),VALUE(MID(TRIM(Raw_Data!K225),4,2)),VALUE(LEFT(TRIM(Raw_Data!K225),2))),"CHECK"),Raw_Data!K225)) | L219: =IF(Raw_Data!L225="","",Raw_Data!L225) -> Supplement was received but the guidance sheet was in English only. | M219: =IF(OR(B219="",K219=""),"",IFERROR(K219-B219,"CHECK")) | N219: =IFERROR(INDEX(Reference_Lists!$H$13:$H$14,MATCH(G219,Reference_Lists!$G$13:$G$14,0)),"UNMATCHED") -> 15 | O219: =IF(AND(J219="Closed",ISNUMBER(M219),ISNUMBER(N219),M219>=0),M219<=N219,"NOT ASSESSED") -> NOT ASSESSED | P219: =Raw_Data!A225 -> CFM-2026-0099 | Q219: =IFERROR(IF(OR($A219="",$P219=""),"MISSING ID",IF(EXACT($A219,$P219),"ALIGNED","MISMATCH")),"CHECK") -> ALIGNED
A220: CFM-2026-0300 | B220: =IF(Raw_Data!B226="","",IF(ISTEXT(Raw_Data!B226),IFERROR(DATE(VALUE(RIGHT(TRIM(Raw_Data!B226),4)),VALUE(MID(TRIM(Raw_Data!B226),4,2)),VALUE(LEFT(TRIM(Raw_Data!B226),2))),"CHECK"),Raw_Data!B226)) -> 46041 | C220: =IFERROR(INDEX(Reference_Lists!$C$23:$C$35,MATCH(PROPER(TRIM(Raw_Data!C226)),Reference_Lists!$B$23:$B$35,0)),"UNMATCHED") -> Community Focal Point | D220: =IFERROR(INDEX(Reference_Lists!$C$36:$C$50,MATCH(PROPER(TRIM(Raw_Data!D226)),Reference_Lists!$B$36:$B$50,0)),"UNMATCHED") -> Deir al-Balah | E220: =IF(Raw_Data!E226="","",Raw_Data!E226) | F220: =IF(Raw_Data!F226="","",Raw_Data!F226) -> Complaint | G220: =IF(Raw_Data!G226="","",Raw_Data!G226) -> Non-Sensitive | H220: =IFERROR(INDEX(Reference_Lists!$C$51:$C$57,MATCH(PROPER(TRIM(Raw_Data!H226)),Reference_Lists!$B$51:$B$57,0)),"UNMATCHED") -> Male | I220: =IF(Raw_Data!I226="","",Raw_Data!I226) -> 30-44 | J220: =IFERROR(INDEX(Reference_Lists!$C$58:$C$65,MATCH(PROPER(TRIM(Raw_Data!J226)),Reference_Lists!$B$58:$B$65,0)),"UNMATCHED") -> Closed | K220: =IF(Raw_Data!K226="","",IF(ISTEXT(Raw_Data!K226),IFERROR(DATE(VALUE(RIGHT(TRIM(Raw_Data!K226),4)),VALUE(MID(TRIM(Raw_Data!K226),4,2)),VALUE(LEFT(TRIM(Raw_Data!K226),2))),"CHECK"),Raw_Data!K226)) -> 46061 | L220: =IF(Raw_Data!L226="","",Raw_Data!L226) -> Latrine at the site block needs cleaning and lighting at night. | M220: =IF(OR(B220="",K220=""),"",IFERROR(K220-B220,"CHECK")) -> 20 | N220: =IFERROR(INDEX(Reference_Lists!$H$13:$H$14,MATCH(G220,Reference_Lists!$G$13:$G$14,0)),"UNMATCHED") -> 15 | O220: =IF(AND(J220="Closed",ISNUMBER(M220),ISNUMBER(N220),M220>=0),M220<=N220,"NOT ASSESSED") -> FALSE | P220: =Raw_Data!A226 -> CFM-2026-0300 | Q220: =IFERROR(IF(OR($A220="",$P220=""),"MISSING ID",IF(EXACT($A220,$P220),"ALIGNED","MISMATCH")),"CHECK") -> ALIGNED
A221: CFM-2026-0202 | B221: =IF(Raw_Data!B227="","",IF(ISTEXT(Raw_Data!B227),IFERROR(DATE(VALUE(RIGHT(TRIM(Raw_Data!B227),4)),VALUE(MID(TRIM(Raw_Data!B227),4,2)),VALUE(LEFT(TRIM(Raw_Data!B227),2))),"CHECK"),Raw_Data!B227)) -> 46091 | C221: =IFERROR(INDEX(Reference_Lists!$C$23:$C$35,MATCH(PROPER(TRIM(Raw_Data!C227)),Reference_Lists!$B$23:$B$35,0)),"UNMATCHED") -> Help Desk | D221: =IFERROR(INDEX(Reference_Lists!$C$36:$C$50,MATCH(PROPER(TRIM(Raw_Data!D227)),Reference_Lists!$B$36:$B$50,0)),"UNMATCHED") -> Rafah | E221: =IF(Raw_Data!E227="","",Raw_Data!E227) -> Health | F221: =IF(Raw_Data!F227="","",Raw_Data!F227) -> Complaint | G221: =IF(Raw_Data!G227="","",Raw_Data!G227) -> Non-Sensitive | H221: =IFERROR(INDEX(Reference_Lists!$C$51:$C$57,MATCH(PROPER(TRIM(Raw_Data!H227)),Reference_Lists!$B$51:$B$57,0)),"UNMATCHED") -> Female | I221: =IF(Raw_Data!I227="","",Raw_Data!I227) -> 18-29 | J221: =IFERROR(INDEX(Reference_Lists!$C$58:$C$65,MATCH(PROPER(TRIM(Raw_Data!J227)),Reference_Lists!$B$58:$B$65,0)),"UNMATCHED") -> Referred | K221: =IF(Raw_Data!K227="","",IF(ISTEXT(Raw_Data!K227),IFERROR(DATE(VALUE(RIGHT(TRIM(Raw_Data!K227),4)),VALUE(MID(TRIM(Raw_Data!K227),4,2)),VALUE(LEFT(TRIM(Raw_Data!K227),2))),"CHECK"),Raw_Data!K227)) | L221: =IF(Raw_Data!L227="","",Raw_Data!L227) -> Clinic opening hours are not clear to the community. | M221: =IF(OR(B221="",K221=""),"",IFERROR(K221-B221,"CHECK")) | N221: =IFERROR(INDEX(Reference_Lists!$H$13:$H$14,MATCH(G221,Reference_Lists!$G$13:$G$14,0)),"UNMATCHED") -> 15 | O221: =IF(AND(J221="Closed",ISNUMBER(M221),ISNUMBER(N221),M221>=0),M221<=N221,"NOT ASSESSED") -> NOT ASSESSED | P221: =Raw_Data!A227 -> CFM-2026-0202 | Q221: =IFERROR(IF(OR($A221="",$P221=""),"MISSING ID",IF(EXACT($A221,$P221),"ALIGNED","MISMATCH")),"CHECK") -> ALIGNED
A222: CFM-2026-0376 | B222: =IF(Raw_Data!B228="","",IF(ISTEXT(Raw_Data!B228),IFERROR(DATE(VALUE(RIGHT(TRIM(Raw_Data!B228),4)),VALUE(MID(TRIM(Raw_Data!B228),4,2)),VALUE(LEFT(TRIM(Raw_Data!B228),2))),"CHECK"),Raw_Data!B228)) -> 46100 | C222: =IFERROR(INDEX(Reference_Lists!$C$23:$C$35,MATCH(PROPER(TRIM(Raw_Data!C228)),Reference_Lists!$B$23:$B$35,0)),"UNMATCHED") -> Help Desk | D222: =IFERROR(INDEX(Reference_Lists!$C$36:$C$50,MATCH(PROPER(TRIM(Raw_Data!D228)),Reference_Lists!$B$36:$B$50,0)),"UNMATCHED") -> Deir al-Balah | E222: =IF(Raw_Data!E228="","",Raw_Data!E228) -> Health | F222: =IF(Raw_Data!F228="","",Raw_Data!F228) -> Complaint | G222: =IF(Raw_Data!G228="","",Raw_Data!G228) -> Non-Sensitive | H222: =IFERROR(INDEX(Reference_Lists!$C$51:$C$57,MATCH(PROPER(TRIM(Raw_Data!H228)),Reference_Lists!$B$51:$B$57,0)),"UNMATCHED") -> Male | I222: =IF(Raw_Data!I228="","",Raw_Data!I228) -> 18-29 | J222: =IFERROR(INDEX(Reference_Lists!$C$58:$C$65,MATCH(PROPER(TRIM(Raw_Data!J228)),Reference_Lists!$B$58:$B$65,0)),"UNMATCHED") -> Closed | K222: =IF(Raw_Data!K228="","",IF(ISTEXT(Raw_Data!K228),IFERROR(DATE(VALUE(RIGHT(TRIM(Raw_Data!K228),4)),VALUE(MID(TRIM(Raw_Data!K228),4,2)),VALUE(LEFT(TRIM(Raw_Data!K228),2))),"CHECK"),Raw_Data!K228)) -> 46107 | L222: =IF(Raw_Data!L228="","",Raw_Data!L228) -> Requesting a referral pathway for a family member with limited mobility. | M222: =IF(OR(B222="",K222=""),"",IFERROR(K222-B222,"CHECK")) -> 7 | N222: =IFERROR(INDEX(Reference_Lists!$H$13:$H$14,MATCH(G222,Reference_Lists!$G$13:$G$14,0)),"UNMATCHED") -> 15 | O222: =IF(AND(J222="Closed",ISNUMBER(M222),ISNUMBER(N222),M222>=0),M222<=N222,"NOT ASSESSED") -> TRUE | P222: =Raw_Data!A228 -> CFM-2026-0376 | Q222: =IFERROR(IF(OR($A222="",$P222=""),"MISSING ID",IF(EXACT($A222,$P222),"ALIGNED","MISMATCH")),"CHECK") -> ALIGNED
... A242: CFM-2026-0014 | B242: =IF(Raw_Data!B248="","",IF(ISTEXT(Raw_Data!B248),IFERROR(DATE(VALUE(RIGHT(TRIM(Raw_Data!B248),4)),VALUE(MID(TRIM(Raw_Data!B248),4,2)),VALUE(LEFT(TRIM(Raw_Data!B248),2))),"CHECK"),Raw_Data!B248)) -> 46207 | C242: =IFERROR(INDEX(Reference_Lists!$C$23:$C$35,MATCH(PROPER(TRIM(Raw_Data!C248)),Reference_Lists!$B$23:$B$35,0)),"UNMATCHED") -> Help Desk | D242: =IFERROR(INDEX(Reference_Lists!$C$36:$C$50,MATCH(PROPER(TRIM(Raw_Data!D248)),Reference_Lists!$B$36:$B$50,0)),"UNMATCHED") -> Rafah | E242: =IF(Raw_Data!E248="","",Raw_Data!E248) -> Food Security | F242: =IF(Raw_Data!F248="","",Raw_Data!F248) -> Sensitive Complaint | G242: =IF(Raw_Data!G248="","",Raw_Data!G248) -> Sensitive | H242: =IFERROR(INDEX(Reference_Lists!$C$51:$C$57,MATCH(PROPER(TRIM(Raw_Data!H248)),Reference_Lists!$B$51:$B$57,0)),"UNMATCHED") -> Male | I242: =IF(Raw_Data!I248="","",Raw_Data!I248) -> 30-44 | J242: =IFERROR(INDEX(Reference_Lists!$C$58:$C$65,MATCH(PROPER(TRIM(Raw_Data!J248)),Reference_Lists!$B$58:$B$65,0)),"UNMATCHED") -> In Progress | K242: =IF(Raw_Data!K248="","",IF(ISTEXT(Raw_Data!K248),IFERROR(DATE(VALUE(RIGHT(TRIM(Raw_Data!K248),4)),VALUE(MID(TRIM(Raw_Data!K248),4,2)),VALUE(LEFT(TRIM(Raw_Data!K248),2))),"CHECK"),Raw_Data!K248)) | L242: =IF(Raw_Data!L248="","",Raw_Data!L248) -> Sensitive case - details recorded separately by the focal point; not stored in this tracker. | M242: =IF(OR(B242="",K242=""),"",IFERROR(K242-B242,"CHECK")) | N242: =IFERROR(INDEX(Reference_Lists!$H$13:$H$14,MATCH(G242,Reference_Lists!$G$13:$G$14,0)),"UNMATCHED") -> 3 | O242: =IF(AND(J242="Closed",ISNUMBER(M242),ISNUMBER(N242),M242>=0),M242<=N242,"NOT ASSESSED") -> NOT ASSESSED | P242: =Raw_Data!A248 -> CFM-2026-0014 | Q242: =IFERROR(IF(OR($A242="",$P242=""),"MISSING ID",IF(EXACT($A242,$P242),"ALIGNED","MISMATCH")),"CHECK") -> ALIGNED
A243: CFM-2026-0308 | B243: =IF(Raw_Data!B251="","",IF(ISTEXT(Raw_Data!B251),IFERROR(DATE(VALUE(RIGHT(TRIM(Raw_Data!B251),4)),VALUE(MID(TRIM(Raw_Data!B251),4,2)),VALUE(LEFT(TRIM(Raw_Data!B251),2))),"CHECK"),Raw_Data!B251)) -> 46095 | C243: =IFERROR(INDEX(Reference_Lists!$C$23:$C$35,MATCH(PROPER(TRIM(Raw_Data!C251)),Reference_Lists!$B$23:$B$35,0)),"UNMATCHED") -> Help Desk | D243: =IFERROR(INDEX(Reference_Lists!$C$36:$C$50,MATCH(PROPER(TRIM(Raw_Data!D251)),Reference_Lists!$B$36:$B$50,0)),"UNMATCHED") -> Nuseirat | E243: =IF(Raw_Data!E251="","",Raw_Data!E251) -> Health | F243: =IF(Raw_Data!F251="","",Raw_Data!F251) -> Complaint | G243: =IF(Raw_Data!G251="","",Raw_Data!G251) -> Non-Sensitive | H243: =IFERROR(INDEX(Reference_Lists!$C$51:$C$57,MATCH(PROPER(TRIM(Raw_Data!H251)),Reference_Lists!$B$51:$B$57,0)),"UNMATCHED") -> Female | I243: =IF(Raw_Data!I251="","",Raw_Data!I251) -> 18-29 | J243: =IFERROR(INDEX(Reference_Lists!$C$58:$C$65,MATCH(PROPER(TRIM(Raw_Data!J251)),Reference_Lists!$B$58:$B$65,0)),"UNMATCHED") -> In Progress | K243: =IF(Raw_Data!K251="","",IF(ISTEXT(Raw_Data!K251),IFERROR(DATE(VALUE(RIGHT(TRIM(Raw_Data!K251),4)),VALUE(MID(TRIM(Raw_Data!K251),4,2)),VALUE(LEFT(TRIM(Raw_Data!K251),2))),"CHECK"),Raw_Data!K251)) | L243: =IF(Raw_Data!L251="","",Raw_Data!L251) -> Requesting a referral pathway for a family member with limited mobility. | M243: =IF(OR(B243="",K243=""),"",IFERROR(K243-B243,"CHECK")) | N243: =IFERROR(INDEX(Reference_Lists!$H$13:$H$14,MATCH(G243,Reference_Lists!$G$13:$G$14,0)),"UNMATCHED") -> 15 | O243: =IF(AND(J243="Closed",ISNUMBER(M243),ISNUMBER(N243),M243>=0),M243<=N243,"NOT ASSESSED") -> NOT ASSESSED | P243: =Raw_Data!A251 -> CFM-2026-0308 | Q243: =IFERROR(IF(OR($A243="",$P243=""),"MISSING ID",IF(EXACT($A243,$P243),"ALIGNED","MISMATCH")),"CHECK") -> ALIGNED
A244: CFM-2026-0047 | B244: =IF(Raw_Data!B252="","",IF(ISTEXT(Raw_Data!B252),IFERROR(DATE(VALUE(RIGHT(TRIM(Raw_Data!B252),4)),VALUE(MID(TRIM(Raw_Data!B252),4,2)),VALUE(LEFT(TRIM(Raw_Data!B252),2))),"CHECK"),Raw_Data!B252)) -> 46105 | C244: =IFERROR(INDEX(Reference_Lists!$C$23:$C$35,MATCH(PROPER(TRIM(Raw_Data!C252)),Reference_Lists!$B$23:$B$35,0)),"UNMATCHED") -> Phone Hotline | D244: =IFERROR(INDEX(Reference_Lists!$C$36:$C$50,MATCH(PROPER(TRIM(Raw_Data!D252)),Reference_Lists!$B$36:$B$50,0)),"UNMATCHED") -> Rafah | E244: =IF(Raw_Data!E252="","",Raw_Data!E252) -> WASH | F244: =IF(Raw_Data!F252="","",Raw_Data!F252) -> Appreciation | G244: =IF(Raw_Data!G252="","",Raw_Data!G252) -> Non-Sensitive | H244: =IFERROR(INDEX(Reference_Lists!$C$51:$C$57,MATCH(PROPER(TRIM(Raw_Data!H252)),Reference_Lists!$B$51:$B$57,0)),"UNMATCHED") -> Female | I244: =IF(Raw_Data!I252="","",Raw_Data!I252) -> 45-59 | J244: =IFERROR(INDEX(Reference_Lists!$C$58:$C$65,MATCH(PROPER(TRIM(Raw_Data!J252)),Reference_Lists!$B$58:$B$65,0)),"UNMATCHED") -> Closed | K244: =IF(Raw_Data!K252="","",IF(ISTEXT(Raw_Data!K252),IFERROR(DATE(VALUE(RIGHT(TRIM(Raw_Data!K252),4)),VALUE(MID(TRIM(Raw_Data!K252),4,2)),VALUE(LEFT(TRIM(Raw_Data!K252),2))),"CHECK"),Raw_Data!K252)) -> 46107 | L244: =IF(Raw_Data!L252="","",Raw_Data!L252) -> Latrine at the site block needs cleaning and lighting at night. | M244: =IF(OR(B244="",K244=""),"",IFERROR(K244-B244,"CHECK")) -> 2 | N244: =IFERROR(INDEX(Reference_Lists!$H$13:$H$14,MATCH(G244,Reference_Lists!$G$13:$G$14,0)),"UNMATCHED") -> 15 | O244: =IF(AND(J244="Closed",ISNUMBER(M244),ISNUMBER(N244),M244>=0),M244<=N244,"NOT ASSESSED") -> TRUE | P244: =Raw_Data!A252 -> CFM-2026-0047 | Q244: =IFERROR(IF(OR($A244="",$P244=""),"MISSING ID",IF(EXACT($A244,$P244),"ALIGNED","MISMATCH")),"CHECK") -> ALIGNED
A245: CFM-2026-0430 | B245: =IF(Raw_Data!B253="","",IF(ISTEXT(Raw_Data!B253),IFERROR(DATE(VALUE(RIGHT(TRIM(Raw_Data!B253),4)),VALUE(MID(TRIM(Raw_Data!B253),4,2)),VALUE(LEFT(TRIM(Raw_Data!B253),2))),"CHECK"),Raw_Data!B253)) -> 46027 | C245: =IFERROR(INDEX(Reference_Lists!$C$23:$C$35,MATCH(PROPER(TRIM(Raw_Data!C253)),Reference_Lists!$B$23:$B$35,0)),"UNMATCHED") -> Community Focal Point | D245: =IFERROR(INDEX(Reference_Lists!$C$36:$C$50,MATCH(PROPER(TRIM(Raw_Data!D253)),Reference_Lists!$B$36:$B$50,0)),"UNMATCHED") -> Khan Yunis | E245: =IF(Raw_Data!E253="","",Raw_Data!E253) -> WASH | F245: =IF(Raw_Data!F253="","",Raw_Data!F253) -> Request for Information | G245: =IF(Raw_Data!G253="","",Raw_Data!G253) -> Non-Sensitive | H245: =IFERROR(INDEX(Reference_Lists!$C$51:$C$57,MATCH(PROPER(TRIM(Raw_Data!H253)),Reference_Lists!$B$51:$B$57,0)),"UNMATCHED") -> Male | I245: =IF(Raw_Data!I253="","",Raw_Data!I253) -> 60+ | J245: =IFERROR(INDEX(Reference_Lists!$C$58:$C$65,MATCH(PROPER(TRIM(Raw_Data!J253)),Reference_Lists!$B$58:$B$65,0)),"UNMATCHED") -> In Progress | K245: =IF(Raw_Data!K253="","",IF(ISTEXT(Raw_Data!K253),IFERROR(DATE(VALUE(RIGHT(TRIM(Raw_Data!K253),4)),VALUE(MID(TRIM(Raw_Data!K253),4,2)),VALUE(LEFT(TRIM(Raw_Data!K253),2))),"CHECK"),Raw_Data!K253)) | L245: =IF(Raw_Data!L253="","",Raw_Data!L253) -> Latrine at the site block needs cleaning and lighting at night. | M245: =IF(OR(B245="",K245=""),"",IFERROR(K245-B245,"CHECK")) | N245: =IFERROR(INDEX(Reference_Lists!$H$13:$H$14,MATCH(G245,Reference_Lists!$G$13:$G$14,0)),"UNMATCHED") -> 15 | O245: =IF(AND(J245="Closed",ISNUMBER(M245),ISNUMBER(N245),M245>=0),M245<=N245,"NOT ASSESSED") -> NOT ASSESSED | P245: =Raw_Data!A253 -> CFM-2026-0430 | Q245: =IFERROR(IF(OR($A245="",$P245=""),"MISSING ID",IF(EXACT($A245,$P245),"ALIGNED","MISMATCH")),"CHECK") -> ALIGNED
A246: CFM-2026-0022 | B246: =IF(Raw_Data!B254="","",IF(ISTEXT(Raw_Data!B254),IFERROR(DATE(VALUE(RIGHT(TRIM(Raw_Data!B254),4)),VALUE(MID(TRIM(Raw_Data!B254),4,2)),VALUE(LEFT(TRIM(Raw_Data!B254),2))),"CHECK"),Raw_Data!B254)) -> 46107 | C246: =IFERROR(INDEX(Reference_Lists!$C$23:$C$35,MATCH(PROPER(TRIM(Raw_Data!C254)),Reference_Lists!$B$23:$B$35,0)),"UNMATCHED") -> In-Person at Distribution | D246: =IFERROR(INDEX(Reference_Lists!$C$36:$C$50,MATCH(PROPER(TRIM(Raw_Data!D254)),Reference_Lists!$B$36:$B$50,0)),"UNMATCHED") -> Gaza City | E246: =IF(Raw_Data!E254="","",Raw_Data!E254) -> WASH | F246: =IF(Raw_Data!F254="","",Raw_Data!F254) -> Request for Information | G246: =IF(Raw_Data!G254="","",Raw_Data!G254) -> Non-Sensitive | H246: =IFERROR(INDEX(Reference_Lists!$C$51:$C$57,MATCH(PROPER(TRIM(Raw_Data!H254)),Reference_Lists!$B$51:$B$57,0)),"UNMATCHED") -> Male | I246: =IF(Raw_Data!I254="","",Raw_Data!I254) -> 18-29 | J246: =IFERROR(INDEX(Reference_Lists!$C$58:$C$65,MATCH(PROPER(TRIM(Raw_Data!J254)),Reference_Lists!$B$58:$B$65,0)),"UNMATCHED") -> In Progress | K246: =IF(Raw_Data!K254="","",IF(ISTEXT(Raw_Data!K254),IFERROR(DATE(VALUE(RIGHT(TRIM(Raw_Data!K254),4)),VALUE(MID(TRIM(Raw_Data!K254),4,2)),VALUE(LEFT(TRIM(Raw_Data!K254),2))),"CHECK"),Raw_Data!K254)) | L246: =IF(Raw_Data!L254="","",Raw_Data!L254) -> The queue at the water point is not organised and older people cannot wait. | M246: =IF(OR(B246="",K246=""),"",IFERROR(K246-B246,"CHECK")) | N246: =IFERROR(INDEX(Reference_Lists!$H$13:$H$14,MATCH(G246,Reference_Lists!$G$13:$G$14,0)),"UNMATCHED") -> 15 | O246: =IF(AND(J246="Closed",ISNUMBER(M246),ISNUMBER(N246),M246>=0),M246<=N246,"NOT ASSESSED") -> NOT ASSESSED | P246: =Raw_Data!A254 -> CFM-2026-0022 | Q246: =IFERROR(IF(OR($A246="",$P246=""),"MISSING ID",IF(EXACT($A246,$P246),"ALIGNED","MISMATCH")),"CHECK") -> ALIGNED
A247: CFM-2026-0218 | B247: =IF(Raw_Data!B255="","",IF(ISTEXT(Raw_Data!B255),IFERROR(DATE(VALUE(RIGHT(TRIM(Raw_Data!B255),4)),VALUE(MID(TRIM(Raw_Data!B255),4,2)),VALUE(LEFT(TRIM(Raw_Data!B255),2))),"CHECK"),Raw_Data!B255)) -> 46133 | C247: =IFERROR(INDEX(Reference_Lists!$C$23:$C$35,MATCH(PROPER(TRIM(Raw_Data!C255)),Reference_Lists!$B$23:$B$35,0)),"UNMATCHED") -> In-Person at Distribution | D247: =IFERROR(INDEX(Reference_Lists!$C$36:$C$50,MATCH(PROPER(TRIM(Raw_Data!D255)),Reference_Lists!$B$36:$B$50,0)),"UNMATCHED") -> Jabalia | E247: =IF(Raw_Data!E255="","",Raw_Data!E255) -> WASH | F247: =IF(Raw_Data!F255="","",Raw_Data!F255) -> Request for Information | G247: =IF(Raw_Data!G255="","",Raw_Data!G255) -> Non-Sensitive | H247: =IFERROR(INDEX(Reference_Lists!$C$51:$C$57,MATCH(PROPER(TRIM(Raw_Data!H255)),Reference_Lists!$B$51:$B$57,0)),"UNMATCHED") -> Male | I247: =IF(Raw_Data!I255="","",Raw_Data!I255) -> 18-29 | J247: =IFERROR(INDEX(Reference_Lists!$C$58:$C$65,MATCH(PROPER(TRIM(Raw_Data!J255)),Reference_Lists!$B$58:$B$65,0)),"UNMATCHED") -> Open | K247: =IF(Raw_Data!K255="","",IF(ISTEXT(Raw_Data!K255),IFERROR(DATE(VALUE(RIGHT(TRIM(Raw_Data!K255),4)),VALUE(MID(TRIM(Raw_Data!K255),4,2)),VALUE(LEFT(TRIM(Raw_Data!K255),2))),"CHECK"),Raw_Data!K255)) | L247: =IF(Raw_Data!L255="","",Raw_Data!L255) -> Requesting additional jerrycans for a shared shelter of four families. | M247: =IF(OR(B247="",K247=""),"",IFERROR(K247-B247,"CHECK")) | N247: =IFERROR(INDEX(Reference_Lists!$H$13:$H$14,MATCH(G247,Reference_Lists!$G$13:$G$14,0)),"UNMATCHED") -> 15 | O247: =IF(AND(J247="Closed",ISNUMBER(M247),ISNUMBER(N247),M247>=0),M247<=N247,"NOT ASSESSED") -> NOT ASSESSED | P247: =Raw_Data!A255 -> CFM-2026-0218 | Q247: =IFERROR(IF(OR($A247="",$P247=""),"MISSING ID",IF(EXACT($A247,$P247),"ALIGNED","MISMATCH")),"CHECK") -> ALIGNED
A248: CFM-2026-0193 | B248: =IF(Raw_Data!B256="","",IF(ISTEXT(Raw_Data!B256),IFERROR(DATE(VALUE(RIGHT(TRIM(Raw_Data!B256),4)),VALUE(MID(TRIM(Raw_Data!B256),4,2)),VALUE(LEFT(TRIM(Raw_Data!B256),2))),"CHECK"),Raw_Data!B256)) -> 46083 | C248: =IFERROR(INDEX(Reference_Lists!$C$23:$C$35,MATCH(PROPER(TRIM(Raw_Data!C256)),Reference_Lists!$B$23:$B$35,0)),"UNMATCHED") -> Suggestion Box | D248: =IFERROR(INDEX(Reference_Lists!$C$36:$C$50,MATCH(PROPER(TRIM(Raw_Data!D256)),Reference_Lists!$B$36:$B$50,0)),"UNMATCHED") -> Gaza City | E248: =IF(Raw_Data!E256="","",Raw_Data!E256) -> Nutrition | F248: =IF(Raw_Data!F256="","",Raw_Data!F256) -> Request for Information | G248: =IF(Raw_Data!G256="","",Raw_Data!G256) -> Non-Sensitive | H248: =IFERROR(INDEX(Reference_Lists!$C$51:$C$57,MATCH(PROPER(TRIM(Raw_Data!H256)),Reference_Lists!$B$51:$B$57,0)),"UNMATCHED") -> Female | I248: =IF(Raw_Data!I256="","",Raw_Data!I256) -> 18-29 | J248: =IFERROR(INDEX(Reference_Lists!$C$58:$C$65,MATCH(PROPER(TRIM(Raw_Data!J256)),Reference_Lists!$B$58:$B$65,0)),"UNMATCHED") -> Closed | K248: =IF(Raw_Data!K256="","",IF(ISTEXT(Raw_Data!K256),IFERROR(DATE(VALUE(RIGHT(TRIM(Raw_Data!K256),4)),VALUE(MID(TRIM(Raw_Data!K256),4,2)),VALUE(LEFT(TRIM(Raw_Data!K256),2))),"CHECK"),Raw_Data!K256)) -> 46098 | L248: =IF(Raw_Data!L256="","",Raw_Data!L256) -> Requesting a screening session closer to the northern shelter. | M248: =IF(OR(B248="",K248=""),"",IFERROR(K248-B248,"CHECK")) -> 15 | N248: =IFERROR(INDEX(Reference_Lists!$H$13:$H$14,MATCH(G248,Reference_Lists!$G$13:$G$14,0)),"UNMATCHED") -> 15 | O248: =IF(AND(J248="Closed",ISNUMBER(M248),ISNUMBER(N248),M248>=0),M248<=N248,"NOT ASSESSED") -> TRUE | P248: =Raw_Data!A256 -> CFM-2026-0193 | Q248: =IFERROR(IF(OR($A248="",$P248=""),"MISSING ID",IF(EXACT($A248,$P248),"ALIGNED","MISMATCH")),"CHECK") -> ALIGNED
A249: CFM-2026-0378 | B249: =IF(Raw_Data!B257="","",IF(ISTEXT(Raw_Data!B257),IFERROR(DATE(VALUE(RIGHT(TRIM(Raw_Data!B257),4)),VALUE(MID(TRIM(Raw_Data!B257),4,2)),VALUE(LEFT(TRIM(Raw_Data!B257),2))),"CHECK"),Raw_Data!B257)) -> 46116 | C249: =IFERROR(INDEX(Reference_Lists!$C$23:$C$35,MATCH(PROPER(TRIM(Raw_Data!C257)),Reference_Lists!$B$23:$B$35,0)),"UNMATCHED") -> Community Focal Point | D249: =IFERROR(INDEX(Reference_Lists!$C$36:$C$50,MATCH(PROPER(TRIM(Raw_Data!D257)),Reference_Lists!$B$36:$B$50,0)),"UNMATCHED") -> Nuseirat | E249: =IF(Raw_Data!E257="","",Raw_Data!E257) -> Shelter | F249: =IF(Raw_Data!F257="","",Raw_Data!F257) -> Request for Information | G249: =IF(Raw_Data!G257="","",Raw_Data!G257) -> Non-Sensitive | H249: =IFERROR(INDEX(Reference_Lists!$C$51:$C$57,MATCH(PROPER(TRIM(Raw_Data!H257)),Reference_Lists!$B$51:$B$57,0)),"UNMATCHED") -> Male | I249: =IF(Raw_Data!I257="","",Raw_Data!I257) -> 18-29 | J249: =IFERROR(INDEX(Reference_Lists!$C$58:$C$65,MATCH(PROPER(TRIM(Raw_Data!J257)),Reference_Lists!$B$58:$B$65,0)),"UNMATCHED") -> In Progress | K249: =IF(Raw_Data!K257="","",IF(ISTEXT(Raw_Data!K257),IFERROR(DATE(VALUE(RIGHT(TRIM(Raw_Data!K257),4)),VALUE(MID(TRIM(Raw_Data!K257),4,2)),VALUE(LEFT(TRIM(Raw_Data!K257),2))),"CHECK"),Raw_Data!K257)) | L249: =IF(Raw_Data!L257="","",Raw_Data!L257) -> Tarpaulin received is torn and does not cover the shelter area. | M249: =IF(OR(B249="",K249=""),"",IFERROR(K249-B249,"CHECK")) | N249: =IFERROR(INDEX(Reference_Lists!$H$13:$H$14,MATCH(G249,Reference_Lists!$G$13:$G$14,0)),"UNMATCHED") -> 15 | O249: =IF(AND(J249="Closed",ISNUMBER(M249),ISNUMBER(N249),M249>=0),M249<=N249,"NOT ASSESSED") -> NOT ASSESSED | P249: =Raw_Data!A257 -> CFM-2026-0378 | Q249: =IFERROR(IF(OR($A249="",$P249=""),"MISSING ID",IF(EXACT($A249,$P249),"ALIGNED","MISMATCH")),"CHECK") -> ALIGNED
A250: CFM-2026-0016 | B250: =IF(Raw_Data!B259="","",IF(ISTEXT(Raw_Data!B259),IFERROR(DATE(VALUE(RIGHT(TRIM(Raw_Data!B259),4)),VALUE(MID(TRIM(Raw_Data!B259),4,2)),VALUE(LEFT(TRIM(Raw_Data!B259),2))),"CHECK"),Raw_Data!B259)) -> 46081 | C250: =IFERROR(INDEX(Reference_Lists!$C$23:$C$35,MATCH(PROPER(TRIM(Raw_Data!C259)),Reference_Lists!$B$23:$B$35,0)),"UNMATCHED") -> Suggestion Box | D250: =IFERROR(INDEX(Reference_Lists!$C$36:$C$50,MATCH(PROPER(TRIM(Raw_Data!D259)),Reference_Lists!$B$36:$B$50,0)),"UNMATCHED") -> Gaza City | E250: =IF(Raw_Data!E259="","",Raw_Data!E259) -> WASH | F250: =IF(Raw_Data!F259="","",Raw_Data!F259) -> Complaint | G250: =IF(Raw_Data!G259="","",Raw_Data!G259) -> Non-Sensitive | H250: =IFERROR(INDEX(Reference_Lists!$C$51:$C$57,MATCH(PROPER(TRIM(Raw_Data!H259)),Reference_Lists!$B$51:$B$57,0)),"UNMATCHED") -> Female | I250: =IF(Raw_Data!I259="","",Raw_Data!I259) -> 45-59 | J250: =IFERROR(INDEX(Reference_Lists!$C$58:$C$65,MATCH(PROPER(TRIM(Raw_Data!J259)),Reference_Lists!$B$58:$B$65,0)),"UNMATCHED") -> In Progress | K250: =IF(Raw_Data!K259="","",IF(ISTEXT(Raw_Data!K259),IFERROR(DATE(VALUE(RIGHT(TRIM(Raw_Data!K259),4)),VALUE(MID(TRIM(Raw_Data!K259),4,2)),VALUE(LEFT(TRIM(Raw_Data!K259),2))),"CHECK"),Raw_Data!K259)) | L250: =IF(Raw_Data!L259="","",Raw_Data!L259) -> Latrine at the site block needs cleaning and lighting at night. | M250: =IF(OR(B250="",K250=""),"",IFERROR(K250-B250,"CHECK")) | N250: =IFERROR(INDEX(Reference_Lists!$H$13:$H$14,MATCH(G250,Reference_Lists!$G$13:$G$14,0)),"UNMATCHED") -> 15 | O250: =IF(AND(J250="Closed",ISNUMBER(M250),ISNUMBER(N250),M250>=0),M250<=N250,"NOT ASSESSED") -> NOT ASSESSED | P250: =Raw_Data!A259 -> CFM-2026-0016 | Q250: =IFERROR(IF(OR($A250="",$P250=""),"MISSING ID",IF(EXACT($A250,$P250),"ALIGNED","MISMATCH")),"CHECK") -> ALIGNED
A251: CFM-2026-0490 | B251: =IF(Raw_Data!B260="","",IF(ISTEXT(Raw_Data!B260),IFERROR(DATE(VALUE(RIGHT(TRIM(Raw_Data!B260),4)),VALUE(MID(TRIM(Raw_Data!B260),4,2)),VALUE(LEFT(TRIM(Raw_Data!B260),2))),"CHECK"),Raw_Data!B260)) -> 46065 | C251: =IFERROR(INDEX(Reference_Lists!$C$23:$C$35,MATCH(PROPER(TRIM(Raw_Data!C260)),Reference_Lists!$B$23:$B$35,0)),"UNMATCHED") -> Suggestion Box | D251: =IFERROR(INDEX(Reference_Lists!$C$36:$C$50,MATCH(PROPER(TRIM(Raw_Data!D260)),Reference_Lists!$B$36:$B$50,0)),"UNMATCHED") -> Gaza City | E251: =IF(Raw_Data!E260="","",Raw_Data!E260) -> WASH | F251: =IF(Raw_Data!F260="","",Raw_Data!F260) -> Complaint | G251: =IF(Raw_Data!G260="","",Raw_Data!G260) -> Non-Sensitive | H251: =IFERROR(INDEX(Reference_Lists!$C$51:$C$57,MATCH(PROPER(TRIM(Raw_Data!H260)),Reference_Lists!$B$51:$B$57,0)),"UNMATCHED") -> Male | I251: =IF(Raw_Data!I260="","",Raw_Data!I260) -> 30-44 | J251: =IFERROR(INDEX(Reference_Lists!$C$58:$C$65,MATCH(PROPER(TRIM(Raw_Data!J260)),Reference_Lists!$B$58:$B$65,0)),"UNMATCHED") -> Open | K251: =IF(Raw_Data!K260="","",IF(ISTEXT(Raw_Data!K260),IFERROR(DATE(VALUE(RIGHT(TRIM(Raw_Data!K260),4)),VALUE(MID(TRIM(Raw_Data!K260),4,2)),VALUE(LEFT(TRIM(Raw_Data!K260),2))),"CHECK"),Raw_Data!K260)) | L251: =IF(Raw_Data!L260="","",Raw_Data!L260) -> Latrine at the site block needs cleaning and lighting at night. | M251: =IF(OR(B251="",K251=""),"",IFERROR(K251-B251,"CHECK")) | N251: =IFERROR(INDEX(Reference_Lists!$H$13:$H$14,MATCH(G251,Reference_Lists!$G$13:$G$14,0)),"UNMATCHED") -> 15 | O251: =IF(AND(J251="Closed",ISNUMBER(M251),ISNUMBER(N251),M251>=0),M251<=N251,"NOT ASSESSED") -> NOT ASSESSED | P251: =Raw_Data!A260 -> CFM-2026-0490 | Q251: =IFERROR(IF(OR($A251="",$P251=""),"MISSING ID",IF(EXACT($A251,$P251),"ALIGNED","MISMATCH")),"CHECK") -> ALIGNED
A252: CFM-2026-0422 | B252: =IF(Raw_Data!B261="","",IF(ISTEXT(Raw_Data!B261),IFERROR(DATE(VALUE(RIGHT(TRIM(Raw_Data!B261),4)),VALUE(MID(TRIM(Raw_Data!B261),4,2)),VALUE(LEFT(TRIM(Raw_Data!B261),2))),"CHECK"),Raw_Data!B261)) -> 46079 | C252: =IFERROR(INDEX(Reference_Lists!$C$23:$C$35,MATCH(PROPER(TRIM(Raw_Data!C261)),Reference_Lists!$B$23:$B$35,0)),"UNMATCHED") -> Phone Hotline | D252: =IFERROR(INDEX(Reference_Lists!$C$36:$C$50,MATCH(PROPER(TRIM(Raw_Data!D261)),Reference_Lists!$B$36:$B$50,0)),"UNMATCHED") -> Deir al-Balah | E252: =IF(Raw_Data!E261="","",Raw_Data!E261) -> WASH | F252: =IF(Raw_Data!F261="","",Raw_Data!F261) -> Request for Information | G252: =IF(Raw_Data!G261="","",Raw_Data!G261) -> Non-Sensitive | H252: =IFERROR(INDEX(Reference_Lists!$C$51:$C$57,MATCH(PROPER(TRIM(Raw_Data!H261)),Reference_Lists!$B$51:$B$57,0)),"UNMATCHED") -> Prefer not to say | I252: =IF(Raw_Data!I261="","",Raw_Data!I261) -> Under 18 | J252: =IFERROR(INDEX(Reference_Lists!$C$58:$C$65,MATCH(PROPER(TRIM(Raw_Data!J261)),Reference_Lists!$B$58:$B$65,0)),"UNMATCHED") -> Closed | K252: =IF(Raw_Data!K261="","",IF(ISTEXT(Raw_Data!K261),IFERROR(DATE(VALUE(RIGHT(TRIM(Raw_Data!K261),4)),VALUE(MID(TRIM(Raw_Data!K261),4,2)),VALUE(LEFT(TRIM(Raw_Data!K261),2))),"CHECK"),Raw_Data!K261)) -> 46085 | L252: =IF(Raw_Data!L261="","",Raw_Data!L261) -> Water truck did not arrive at the agreed time for three consecutive days. | M252: =IF(OR(B252="",K252=""),"",IFERROR(K252-B252,"CHECK")) -> 6 | N252: =IFERROR(INDEX(Reference_Lists!$H$13:$H$14,MATCH(G252,Reference_Lists!$G$13:$G$14,0)),"UNMATCHED") -> 15 | O252: =IF(AND(J252="Closed",ISNUMBER(M252),ISNUMBER(N252),M252>=0),M252<=N252,"NOT ASSESSED") -> TRUE | P252: =Raw_Data!A261 -> CFM-2026-0422 | Q252: =IFERROR(IF(OR($A252="",$P252=""),"MISSING ID",IF(EXACT($A252,$P252),"ALIGNED","MISMATCH")),"CHECK") -> ALIGNED
